Year,State,Burden Rate,Income per Capita,Taxes Paid to Own State Per Capita,Taxes Paid to Other States Per Capita,Total Taxes Paid Per Capita
2012,Alabama,0.09,35336.66,2141.95,925.09,3067.04
2012,Alaska,0.07,49779.58,1986.21,1242.48,3228.69
2012,Arizona,0.09,37011.65,2283.47,992.05,3275.52
2012,Arkansas,0.10,34862.10,2552.18,966.83,3519.01
2012,California,0.11,47807.79,4126.38,1110.81,5237.19
2012,Colorado,0.09,48313.50,2967.52,1336.18,4303.70
2012,Connecticut,0.13,62374.15,5515.62,2353.76,7869.38
2012,Delaware,0.10,43437.33,2610.01,1802.16,4412.17
2012,District of Columbia,0.11,70836.83,5230.92,2309.81,7540.73
2012,Florida,0.09,41848.49,2498.79,1239.64,3738.43
2012,Georgia,0.09,37477.52,2445.99,980.37,3426.36
2012,Hawaii,0.10,44920.02,3480.16,1095.84,4576.00
2012,Idaho,0.09,35495.64,2255.14,1063.04,3318.18
2012,Illinois,0.11,47655.55,4015.29,1219.85,5235.14
2012,Indiana,0.10,37580.46,2591.64,993.11,3584.75
2012,Iowa,0.09,43877.59,2876.58,1160.85,4037.43
2012,Kansas,0.10,43490.14,2807.66,1323.08,4130.74
2012,Kentucky,0.10,34782.48,2410.46,887.70,3298.16
2012,Louisiana,0.08,38905.57,1953.10,996.84,2949.94
2012,Maine,0.10,39062.17,2894.60,1101.93,3996.53
2012,Maryland,0.11,54265.58,4387.04,1533.18,5920.22
2012,Massachusetts,0.10,57179.53,4220.49,1651.29,5871.78
2012,Michigan,0.09,38636.25,2704.21,926.41,3630.62
2012,Minnesota,0.11,47805.87,3979.93,1204.79,5184.72
2012,Mississippi,0.09,31847.27,1909.66,832.46,2742.12
2012,Missouri,0.09,38825.01,2483.32,1108.06,3591.38
2012,Montana,0.09,38980.50,2172.35,1216.49,3388.84
2012,Nebraska,0.09,45484.91,2930.17,1267.03,4197.20
2012,Nevada,0.08,41296.58,2050.95,1297.97,3348.92
2012,New Hampshire,0.08,50287.79,2172.53,1788.86,3961.39
2012,New Jersey,0.12,56731.04,4876.44,2050.03,6926.47
2012,New Mexico,0.09,36051.21,2170.36,971.03,3141.39
2012,New York,0.13,55047.07,5587.84,1405.58,6993.42
2012,North Carolina,0.10,37522.78,2706.67,952.14,3658.81
2012,North Dakota,0.09,53953.44,3348.72,1518.21,4866.93
2012,Ohio,0.10,40110.60,2985.84,937.98,3923.82
2012,Oklahoma,0.09,40762.14,2420.17,1094.55,3514.72
2012,Oregon,0.10,39578.36,3062.85,1032.01,4094.86
2012,Pennsylvania,0.10,45046.00,3384.52,1204.16,4588.68
2012,Rhode Island,0.11,46359.05,3475.91,1521.60,4997.51
2012,South Carolina,0.08,34820.69,1998.87,936.94,2935.81
2012,South Dakota,0.07,46780.66,1910.79,1407.30,3318.09
2012,Tennessee,0.07,38178.36,1860.96,944.19,2805.15
2012,Texas,0.08,44080.98,2332.13,1008.06,3340.19
2012,Utah,0.10,36988.84,2504.59,1051.14,3555.73
2012,Vermont,0.10,44336.70,3129.45,1427.89,4557.34
2012,Virginia,0.09,49540.85,3258.34,1364.73,4623.07
2012,Washington,0.09,48999.45,3240.84,1300.64,4541.48
2012,West Virginia,0.10,34015.67,2454.87,875.80,3330.67
2012,Wisconsin,0.11,42990.35,3602.49,1131.73,4734.22
2012,Wyoming,0.07,61707.54,2055.75,2350.99,4406.74
2011,Alabama,0.09,33963.05,2071.10,938.07,3009.17
2011,Alaska,0.07,47161.12,1995.84,1233.99,3229.83
2011,Arizona,0.09,35295.59,2181.75,976.20,3157.95
2011,Arkansas,0.10,32475.73,2456.48,934.43,3390.91
2011,California,0.12,44964.08,4126.71,1054.90,5181.61
2011,Colorado,0.09,45471.43,2812.57,1285.70,4098.27
2011,Connecticut,0.12,59511.24,4965.31,2286.76,7252.07
2011,Delaware,0.10,41848.60,2329.06,1746.66,4075.72
2011,District of Columbia,0.10,65929.98,4521.35,2253.65,6775.00
2011,Florida,0.09,39922.46,2441.12,1240.55,3681.67
2011,Georgia,0.09,35775.84,2308.71,969.83,3278.54
2011,Hawaii,0.10,42970.19,3136.81,1094.51,4231.32
2011,Idaho,0.10,33591.09,2184.76,1040.82,3225.58
2011,Illinois,0.11,45090.02,3529.38,1186.01,4715.39
2011,Indiana,0.10,35372.50,2413.70,948.84,3362.54
2011,Iowa,0.09,40645.18,2670.72,1125.44,3796.16
2011,Kansas,0.10,40721.39,2579.10,1273.58,3852.68
2011,Kentucky,0.10,33068.82,2305.92,869.39,3175.31
2011,Louisiana,0.08,37039.39,1930.26,966.84,2897.10
2011,Maine,0.10,37339.31,2788.31,1070.38,3858.69
2011,Maryland,0.11,51988.23,4121.30,1523.53,5644.83
2011,Massachusetts,0.10,54115.49,4040.54,1596.68,5637.22
2011,Michigan,0.10,36698.89,2616.92,893.47,3510.39
2011,Minnesota,0.11,45121.42,3733.52,1167.14,4900.66
2011,Mississippi,0.09,30250.78,1797.28,830.36,2627.64
2011,Missouri,0.09,36824.41,2299.30,1070.24,3369.54
2011,Montana,0.09,36025.50,2018.94,1195.62,3214.56
2011,Nebraska,0.10,42198.33,2822.08,1236.89,4058.97
2011,Nevada,0.08,39653.15,1998.42,1272.63,3271.05
2011,New Hampshire,0.08,47689.21,2106.77,1710.24,3817.01
2011,New Jersey,0.12,54152.51,4686.23,1889.49,6575.72
2011,New Mexico,0.09,34446.55,2094.67,976.45,3071.12
2011,New York,0.13,52060.33,5262.18,1353.89,6616.07
2011,North Carolina,0.10,35754.72,2674.16,938.18,3612.34
2011,North Dakota,0.09,45934.59,2848.32,1383.36,4231.68
2011,Ohio,0.10,37694.51,2823.72,907.36,3731.08
2011,Oklahoma,0.09,37413.02,2195.50,1057.79,3253.29
2011,Oregon,0.10,37423.51,2888.04,1012.07,3900.11
2011,Pennsylvania,0.10,42636.67,3227.94,1158.23,4386.17
2011,Rhode Island,0.11,44154.28,3245.74,1471.17,4716.91
2011,South Carolina,0.08,33136.94,1884.94,902.04,2786.98
2011,South Dakota,0.07,42964.11,1757.81,1350.37,3108.18
2011,Tennessee,0.08,36043.39,1791.33,924.16,2715.49
2011,Texas,0.08,40770.46,2140.15,961.20,3101.35
2011,Utah,0.10,34772.45,2368.42,1011.14,3379.56
2011,Vermont,0.11,41607.98,3035.95,1343.91,4379.86
2011,Virginia,0.10,47288.20,3128.82,1344.37,4473.19
2011,Washington,0.10,45854.47,3137.75,1241.49,4379.24
2011,West Virginia,0.10,32216.74,2344.48,906.02,3250.50
2011,Wisconsin,0.11,40758.40,3433.83,1094.80,4528.63
2011,Wyoming,0.07,50336.56,1794.83,1899.14,3693.97
2010,Alabama,0.09,32338.57,1999.28,911.30,2910.58
2010,Alaska,0.07,44824.04,1999.21,1163.97,3163.18
2010,Arizona,0.09,33816.11,2116.50,925.66,3042.16
2010,Arkansas,0.11,30595.64,2367.90,879.56,3247.46
2010,California,0.12,42275.63,3971.41,992.80,4964.21
2010,Colorado,0.09,43054.69,2787.87,1207.05,3994.92
2010,Connecticut,0.13,56289.53,4968.13,2133.96,7102.09
2010,Delaware,0.10,40095.96,2181.09,1625.48,3806.57
2010,District of Columbia,0.10,62178.26,3892.61,2110.84,6003.45
2010,Florida,0.10,37800.86,2561.29,1138.06,3699.35
2010,Georgia,0.09,34284.22,2281.63,916.62,3198.25
2010,Hawaii,0.11,41344.33,3294.89,1091.76,4386.65
2010,Idaho,0.10,32043.53,2135.94,994.04,3129.98
2010,Illinois,0.11,42697.37,3440.13,1122.26,4562.39
2010,Indiana,0.10,33647.62,2397.77,884.43,3282.20
2010,Iowa,0.10,38134.23,2664.48,1062.83,3727.31
2010,Kansas,0.10,38092.20,2600.53,1189.00,3789.53
2010,Kentucky,0.10,31586.68,2178.97,831.83,3010.80
2010,Louisiana,0.08,35161.67,1919.03,923.21,2842.24
2010,Maine,0.11,36065.14,2829.22,1022.35,3851.57
2010,Maryland,0.11,49794.72,3872.64,1462.93,5335.57
2010,Massachusetts,0.11,50757.81,3957.29,1488.73,5446.02
2010,Michigan,0.10,34649.33,2647.61,828.72,3476.33
2010,Minnesota,0.11,42134.86,3609.27,1079.60,4688.87
2010,Mississippi,0.09,29001.77,1828.51,810.11,2638.62
2010,Missouri,0.09,35442.62,2280.80,1022.56,3303.36
2010,Montana,0.09,34042.90,2029.16,1126.41,3155.57
2010,Nebraska,0.10,39132.80,2770.85,1157.07,3927.92
2010,Nevada,0.09,38455.37,2108.57,1219.81,3328.38
2010,New Hampshire,0.09,45105.83,2299.43,1582.54,3881.97
2010,New Jersey,0.13,51999.39,4823.26,1790.04,6613.30
2010,New Mexico,0.09,32582.30,1992.44,924.69,2917.13
2010,New York,0.13,49326.48,5126.57,1268.68,6395.25
2010,North Carolina,0.10,34558.64,2654.38,905.40,3559.78
2010,North Dakota,0.09,40723.16,2565.33,1239.71,3805.04
2010,Ohio,0.10,35505.71,2701.77,847.34,3549.11
2010,Oklahoma,0.09,34233.93,2151.33,979.74,3131.07
2010,Oregon,0.11,35892.67,2866.05,963.96,3830.01
2010,Pennsylvania,0.10,40312.21,3092.50,1099.00,4191.50
2010,Rhode Island,0.11,41706.19,3299.98,1365.34,4665.32
2010,South Carolina,0.09,31927.50,1891.06,871.51,2762.57
2010,South Dakota,0.08,39330.04,1800.69,1244.07,3044.76
2010,Tennessee,0.08,34242.23,1775.72,883.67,2659.39
2010,Texas,0.08,37720.38,2222.16,883.60,3105.76
2010,Utah,0.10,33258.75,2301.40,962.02,3263.42
2010,Vermont,0.11,39324.65,2902.02,1266.32,4168.34
2010,Virginia,0.10,44911.53,3115.95,1281.35,4397.30
2010,Washington,0.10,43602.24,3033.44,1183.89,4217.33
2010,West Virginia,0.10,30275.36,2258.37,861.67,3120.04
2010,Wisconsin,0.12,38809.77,3446.67,1005.81,4452.48
2010,Wyoming,0.08,45913.23,2055.13,1702.13,3757.26
2009,Alabama,0.09,32549.66,2018.47,947.82,2966.29
2009,Alaska,0.07,44961.23,1971.81,1161.38,3133.19
2009,Arizona,0.09,34866.80,2158.20,991.55,3149.75
2009,Arkansas,0.11,31057.57,2358.70,905.03,3263.73
2009,California,0.11,42973.67,3865.95,1040.35,4906.30
2009,Colorado,0.09,44173.34,2776.18,1279.46,4055.64
2009,Connecticut,0.13,56174.53,4870.19,2147.92,7018.11
2009,Delaware,0.09,40505.55,2128.71,1692.85,3821.56
2009,District of Columbia,0.10,62670.28,3818.24,2193.80,6012.04
2009,Florida,0.10,38956.79,2638.18,1176.11,3814.29
2009,Georgia,0.10,35167.79,2409.45,968.05,3377.50
2009,Hawaii,0.10,41546.25,3142.98,1116.20,4259.18
2009,Idaho,0.10,32530.50,2225.06,1046.88,3271.94
2009,Illinois,0.11,43667.45,3420.21,1201.13,4621.34
2009,Indiana,0.10,33912.50,2459.38,920.55,3379.93
2009,Iowa,0.10,38154.99,2639.74,1089.37,3729.11
2009,Kansas,0.10,39080.81,2637.28,1270.05,3907.33
2009,Kentucky,0.10,31509.11,2190.54,860.75,3051.29
2009,Louisiana,0.09,36383.11,2121.19,984.22,3105.41
2009,Maine,0.11,35539.87,2816.10,1032.34,3848.44
2009,Maryland,0.11,49571.75,3847.55,1497.76,5345.31
2009,Massachusetts,0.11,50339.02,3858.66,1513.96,5372.62
2009,Michigan,0.10,35009.63,2716.52,873.80,3590.32
2009,Minnesota,0.11,42423.59,3560.26,1117.86,4678.12
2009,Mississippi,0.09,29079.24,1856.15,839.95,2696.10
2009,Missouri,0.10,36218.99,2358.59,1077.97,3436.56
2009,Montana,0.10,34266.61,2115.85,1139.52,3255.37
2009,Nebraska,0.10,39146.93,2789.70,1170.70,3960.40
2009,Nevada,0.08,40027.63,2009.21,1290.16,3299.37
2009,New Hampshire,0.09,44569.98,2174.72,1607.84,3782.56
2009,New Jersey,0.13,52170.38,4771.53,1855.43,6626.96
2009,New Mexico,0.09,32929.27,2080.91,942.94,3023.85
2009,New York,0.13,48544.09,4932.54,1286.72,6219.26
2009,North Carolina,0.10,34550.41,2648.09,952.25,3600.34
2009,North Dakota,0.10,39343.85,2615.37,1223.65,3839.02
2009,Ohio,0.10,35641.62,2690.48,884.86,3575.34
2009,Oklahoma,0.09,35890.56,2287.90,1032.60,3320.50
2009,Oregon,0.10,36376.33,2733.98,1021.68,3755.66
2009,Pennsylvania,0.10,40103.20,3036.49,1132.23,4168.72
2009,Rhode Island,0.11,40997.76,3243.20,1384.48,4627.68
2009,South Carolina,0.09,32158.28,1946.12,913.91,2860.03
2009,South Dakota,0.08,39278.12,1790.31,1268.78,3059.09
2009,Tennessee,0.08,34074.13,1745.20,907.18,2652.38
2009,Texas,0.08,39351.07,2283.39,945.56,3228.95
2009,Utah,0.10,34380.51,2394.07,1042.26,3436.33
2009,Vermont,0.11,39440.53,2849.86,1317.27,4167.13
2009,Virginia,0.10,44935.04,3152.26,1312.21,4464.47
2009,Washington,0.10,44872.44,3056.67,1269.48,4326.15
2009,West Virginia,0.10,30105.62,2222.25,848.73,3070.98
2009,Wisconsin,0.11,38996.89,3428.66,1033.96,4462.62
2009,Wyoming,0.08,48776.99,2153.11,1794.00,3947.11
2008,Alabama,0.09,34078.70,2100.79,1031.39,3132.18
2008,Alaska,0.07,44800.57,1714.12,1192.73,2906.85
2008,Arizona,0.09,38071.05,2402.29,1148.83,3551.12
2008,Arkansas,0.10,32235.77,2377.48,947.67,3325.15
2008,California,0.12,46254.27,4184.40,1167.68,5352.08
2008,Colorado,0.09,47046.10,2883.69,1425.75,4309.44
2008,Connecticut,0.12,61101.18,5000.85,2453.52,7454.37
2008,Delaware,0.10,42716.02,2411.26,1928.95,4340.21
2008,District of Columbia,0.11,64734.55,5001.86,2376.82,7378.68
2008,Florida,0.10,43385.88,2774.23,1341.18,4115.41
2008,Georgia,0.10,37524.99,2609.46,1075.74,3685.20
2008,Hawaii,0.11,43035.42,3312.15,1195.02,4507.17
2008,Idaho,0.10,35197.87,2405.84,1180.59,3586.43
2008,Illinois,0.10,46339.99,3381.28,1323.94,4705.22
2008,Indiana,0.10,35465.18,2464.48,1010.56,3475.04
2008,Iowa,0.09,38863.26,2493.52,1160.57,3654.09
2008,Kansas,0.10,40449.70,2621.60,1348.02,3969.62
2008,Kentucky,0.10,32693.00,2383.73,928.50,3312.23
2008,Louisiana,0.09,37573.05,2285.68,1032.27,3317.95
2008,Maine,0.11,36714.78,2948.65,1141.06,4089.71
2008,Maryland,0.11,51343.47,4094.99,1630.04,5725.03
2008,Massachusetts,0.11,53626.72,4074.36,1699.07,5773.43
2008,Michigan,0.10,36870.60,2703.23,970.54,3673.77
2008,Minnesota,0.11,44553.89,3578.74,1227.07,4805.81
2008,Mississippi,0.09,30008.36,1851.19,886.90,2738.09
2008,Missouri,0.10,37458.28,2434.62,1157.00,3591.62
2008,Montana,0.09,35873.36,2084.05,1231.32,3315.37
2008,Nebraska,0.10,40792.01,2769.30,1258.19,4027.49
2008,Nevada,0.08,45108.36,2024.46,1526.97,3551.43
2008,New Hampshire,0.08,46894.58,1966.96,1798.18,3765.14
2008,New Jersey,0.13,54887.71,4810.96,2044.58,6855.54
2008,New Mexico,0.10,34524.51,2272.65,1033.79,3306.44
2008,New York,0.13,52106.10,5088.61,1457.33,6545.94
2008,North Carolina,0.11,36440.93,2839.56,1051.26,3890.82
2008,North Dakota,0.09,39092.63,2290.15,1235.20,3525.35
2008,Ohio,0.11,37194.10,2942.08,970.82,3912.90
2008,Oklahoma,0.09,37467.77,2278.72,1118.32,3397.04
2008,Oregon,0.10,38411.09,2692.65,1137.08,3829.73
2008,Pennsylvania,0.11,41741.52,3258.20,1232.60,4490.80
2008,Rhode Island,0.11,42786.34,3186.87,1541.31,4728.18
2008,South Carolina,0.09,33782.23,2018.58,1017.12,3035.70
2008,South Dakota,0.07,40641.61,1670.86,1347.95,3018.81
2008,Tennessee,0.08,35757.66,1781.46,999.90,2781.36
2008,Texas,0.08,41086.51,2159.51,1027.21,3186.72
2008,Utah,0.10,36780.74,2607.66,1172.26,3779.92
2008,Vermont,0.11,41276.73,3068.44,1439.99,4508.43
2008,Virginia,0.10,46956.08,3324.19,1432.94,4757.13
2008,Washington,0.10,48107.16,3181.06,1418.84,4599.90
2008,West Virginia,0.10,29729.50,2121.10,868.06,2989.16
2008,Wisconsin,0.11,40325.72,3318.38,1122.50,4440.88
2008,Wyoming,0.08,53467.64,1933.81,2057.83,3991.64
2007,Alabama,0.09,33703.06,2041.09,1000.99,3042.08
2007,Alaska,0.06,42586.81,1522.70,1140.20,2662.90
2007,Arizona,0.10,39118.49,2560.78,1163.72,3724.50
2007,Arkansas,0.10,31099.95,2345.28,884.35,3229.63
2007,California,0.11,46572.42,4078.33,1171.86,5250.19
2007,Colorado,0.09,46644.10,2830.34,1399.43,4229.77
2007,Connecticut,0.12,61055.66,4734.65,2371.17,7105.82
2007,Delaware,0.10,43359.62,2417.70,1881.64,4299.34
2007,District of Columbia,0.11,62137.25,4727.62,2277.25,7004.87
2007,Florida,0.09,44642.82,2736.28,1345.33,4081.61
2007,Georgia,0.10,37991.16,2576.54,1076.62,3653.16
2007,Hawaii,0.10,42479.29,3272.04,1157.81,4429.85
2007,Idaho,0.10,35904.13,2348.03,1194.91,3542.94
2007,Illinois,0.10,45539.33,3215.90,1269.77,4485.67
2007,Indiana,0.09,35357.45,2320.49,975.05,3295.54
2007,Iowa,0.09,36840.23,2350.44,1083.95,3434.39
2007,Kansas,0.10,38870.98,2526.82,1258.76,3785.58
2007,Kentucky,0.10,32274.79,2322.63,890.03,3212.66
2007,Louisiana,0.09,35342.35,2138.67,959.00,3097.67
2007,Maine,0.11,36401.69,2810.54,1089.17,3899.71
2007,Maryland,0.11,51017.43,4060.79,1588.30,5649.09
2007,Massachusetts,0.10,53566.48,3876.16,1669.92,5546.08
2007,Michigan,0.10,36727.65,2616.65,943.48,3560.13
2007,Minnesota,0.11,43679.31,3419.53,1180.78,4600.31
2007,Mississippi,0.09,29093.03,1802.30,845.49,2647.79
2007,Missouri,0.10,36550.32,2385.34,1090.21,3475.55
2007,Montana,0.09,35030.66,2043.00,1179.93,3222.93
2007,Nebraska,0.10,38938.94,2755.94,1174.47,3930.41
2007,Nevada,0.08,46871.85,2001.20,1580.67,3581.87
2007,New Hampshire,0.08,47052.54,1945.02,1727.94,3672.96
2007,New Jersey,0.12,54151.88,4601.19,1945.90,6547.09
2007,New Mexico,0.10,33633.95,2203.91,997.42,3201.33
2007,New York,0.12,51282.88,4840.58,1386.17,6226.75
2007,North Carolina,0.10,36331.22,2750.95,1030.33,3781.28
2007,North Dakota,0.10,35265.33,2304.21,1075.57,3379.78
2007,Ohio,0.10,37071.65,2914.64,947.71,3862.35
2007,Oklahoma,0.09,35785.71,2242.54,1056.15,3298.69
2007,Oregon,0.10,38283.54,2775.80,1121.38,3897.18
2007,Pennsylvania,0.11,41131.22,3142.42,1183.50,4325.92
2007,Rhode Island,0.11,42589.33,3108.43,1481.44,4589.87
2007,South Carolina,0.09,33816.14,2081.74,1004.82,3086.56
2007,South Dakota,0.08,37740.72,1616.02,1230.45,2846.47
2007,Tennessee,0.08,35680.53,1762.48,979.88,2742.36
2007,Texas,0.08,39425.96,2154.18,964.74,3118.92
2007,Utah,0.10,36307.44,2564.68,1138.31,3702.99
2007,Vermont,0.11,40865.49,3015.32,1375.05,4390.37
2007,Virginia,0.10,46706.00,3312.27,1393.93,4706.20
2007,Washington,0.09,47057.72,3076.02,1371.08,4447.10
2007,West Virginia,0.10,28948.80,1996.46,825.51,2821.97
2007,Wisconsin,0.11,40003.81,3210.35,1090.72,4301.07
2007,Wyoming,0.07,52664.33,1762.08,2038.01,3800.09
2006,Alabama,0.09,32461.22,1902.93,996.90,2899.83
2006,Alaska,0.06,39978.40,1170.76,1126.31,2297.07
2006,Arizona,0.09,37484.91,2170.89,1174.50,3345.39
2006,Arkansas,0.10,29806.51,2212.28,865.58,3077.86
2006,California,0.11,44275.56,3635.82,1155.86,4791.68
2006,Colorado,0.09,44403.23,2639.97,1379.87,4019.84
2006,Connecticut,0.12,56773.54,4368.72,2239.13,6607.85
2006,Delaware,0.10,42431.16,2243.68,1849.79,4093.47
2006,District of Columbia,0.11,57429.61,4388.88,2182.46,6571.34
2006,Florida,0.09,42977.40,2389.52,1349.81,3739.33
2006,Georgia,0.10,36738.69,2479.38,1069.05,3548.43
2006,Hawaii,0.10,40406.59,3043.30,1143.34,4186.64
2006,Idaho,0.10,34292.83,2187.04,1178.48,3365.52
2006,Illinois,0.10,42956.29,3019.53,1229.61,4249.14
2006,Indiana,0.09,34067.25,2168.50,948.20,3116.70
2006,Iowa,0.09,34960.13,2220.87,1043.86,3264.73
2006,Kansas,0.10,36500.79,2357.61,1212.72,3570.33
2006,Kentucky,0.10,31070.90,2176.80,886.97,3063.77
2006,Louisiana,0.09,32364.09,1839.37,909.93,2749.30
2006,Maine,0.11,35053.96,2837.47,1055.78,3893.25
2006,Maryland,0.11,48443.14,3630.74,1541.90,5172.64
2006,Massachusetts,0.11,50612.92,3732.66,1611.65,5344.31
2006,Michigan,0.10,35707.80,2543.46,946.37,3489.83
2006,Minnesota,0.11,41724.82,3269.96,1166.39,4436.35
2006,Mississippi,0.09,28109.51,1692.87,815.40,2508.27
2006,Missouri,0.10,35099.09,2270.03,1062.76,3332.79
2006,Montana,0.09,32876.94,1954.02,1147.58,3101.60
2006,Nebraska,0.10,36977.66,2625.90,1145.34,3771.24
2006,Nevada,0.08,46033.33,1893.62,1652.41,3546.03
2006,New Hampshire,0.08,44467.94,1821.92,1656.46,3478.38
2006,New Jersey,0.12,50734.48,4173.64,1846.35,6019.99
2006,New Mexico,0.09,31938.73,1980.73,984.92,2965.65
2006,New York,0.12,47006.57,4451.60,1310.24,5761.84
2006,North Carolina,0.10,34870.00,2600.28,1020.89,3621.17
2006,North Dakota,0.09,32979.89,2031.23,1046.18,3077.41
2006,Ohio,0.11,35572.93,2830.32,931.63,3761.95
2006,Oklahoma,0.09,34286.66,2149.41,1032.44,3181.85
2006,Oregon,0.10,36510.75,2689.30,1100.82,3790.12
2006,Pennsylvania,0.11,39129.87,2949.21,1142.16,4091.37
2006,Rhode Island,0.11,40195.03,3047.85,1413.70,4461.55
2006,South Carolina,0.09,32268.92,1883.74,980.73,2864.47
2006,South Dakota,0.07,35748.28,1444.77,1200.08,2644.85
2006,Tennessee,0.08,34457.48,1639.84,965.47,2605.31
2006,Texas,0.08,37620.52,1958.87,955.50,2914.37
2006,Utah,0.10,33943.02,2412.78,1105.12,3517.90
2006,Vermont,0.11,38929.43,3009.49,1317.18,4326.67
2006,Virginia,0.10,44649.25,3020.84,1368.23,4389.07
2006,Washington,0.09,43977.49,2796.62,1327.58,4124.20
2006,West Virginia,0.10,27838.99,1894.45,810.07,2704.52
2006,Wisconsin,0.11,38279.56,3111.13,1072.69,4183.82
2006,Wyoming,0.07,48031.36,1516.76,1960.91,3477.67
2005,Alabama,0.09,30627.99,1782.15,917.61,2699.76
2005,Alaska,0.06,37546.48,1165.21,1007.93,2173.14
2005,Arizona,0.09,34357.79,2085.46,1036.77,3122.23
2005,Arkansas,0.10,28314.37,2045.00,782.78,2827.78
2005,California,0.11,41214.78,3306.39,1024.67,4331.06
2005,Colorado,0.09,41177.00,2475.34,1225.81,3701.15
2005,Connecticut,0.12,52913.15,4195.40,2004.94,6200.34
2005,Delaware,0.09,40298.61,2173.45,1575.40,3748.85
2005,District of Columbia,0.12,52408.10,4290.56,1903.08,6193.64
2005,Florida,0.09,39583.95,2241.26,1203.06,3444.32
2005,Georgia,0.09,34457.97,2279.72,959.60,3239.32
2005,Hawaii,0.10,37579.15,2700.06,1014.21,3714.27
2005,Idaho,0.10,31811.77,2091.35,1046.37,3137.72
2005,Illinois,0.10,40213.60,2848.88,1099.87,3948.75
2005,Indiana,0.09,32561.83,2105.08,875.86,2980.94
2005,Iowa,0.09,33517.91,2176.70,964.36,3141.06
2005,Kansas,0.10,33935.82,2192.15,1080.82,3272.97
2005,Kentucky,0.10,29530.80,2122.78,826.92,2949.70
2005,Louisiana,0.09,28816.94,1764.57,757.76,2522.33
2005,Maine,0.11,33229.16,2526.34,969.58,3495.92
2005,Maryland,0.11,45335.48,3355.41,1400.31,4755.72
2005,Massachusetts,0.11,46999.37,3564.05,1412.58,4976.63
2005,Michigan,0.10,34652.54,2506.14,883.17,3389.31
2005,Minnesota,0.10,39735.90,3005.06,1070.42,4075.48
2005,Mississippi,0.09,26136.88,1544.86,709.92,2254.78
2005,Missouri,0.09,33385.75,2187.09,968.02,3155.11
2005,Montana,0.09,30341.48,1736.88,1025.60,2762.48
2005,Nebraska,0.10,35325.53,2545.79,1044.75,3590.54
2005,Nevada,0.08,43457.92,1820.62,1521.40,3342.02
2005,New Hampshire,0.08,42177.01,1768.33,1516.06,3284.39
2005,New Jersey,0.12,47685.57,3922.49,1673.12,5595.61
2005,New Mexico,0.08,29742.07,1636.16,874.22,2510.38
2005,New York,0.12,43326.34,4118.54,1162.88,5281.42
2005,North Carolina,0.10,32992.62,2416.90,924.12,3341.02
2005,North Dakota,0.09,30919.24,1769.89,947.30,2717.19
2005,Ohio,0.11,34122.95,2885.68,852.99,3738.67
2005,Oklahoma,0.09,31250.40,2008.00,900.87,2908.87
2005,Oregon,0.10,34253.34,2422.33,997.83,3420.16
2005,Pennsylvania,0.11,36972.50,2834.38,1035.55,3869.93
2005,Rhode Island,0.11,38298.63,2977.86,1284.86,4262.72
2005,South Carolina,0.09,30212.96,1829.74,873.10,2702.84
2005,South Dakota,0.08,34496.13,1498.80,1104.64,2603.44
2005,Tennessee,0.08,32882.51,1587.63,875.46,2463.09
2005,Texas,0.08,34475.95,1870.22,830.73,2700.95
2005,Utah,0.10,30895.47,2227.12,960.86,3187.98
2005,Vermont,0.11,36788.22,2855.62,1208.20,4063.82
2005,Virginia,0.10,41623.50,2852.43,1231.75,4084.18
2005,Washington,0.09,41558.40,2681.03,1222.60,3903.63
2005,West Virginia,0.10,26417.81,1793.93,732.56,2526.49
2005,Wisconsin,0.11,36392.42,2996.72,974.38,3971.10
2005,Wyoming,0.07,41705.76,1307.26,1633.53,2940.79
2004,Alabama,0.09,28215.76,1678.73,775.90,2454.63
2004,Alaska,0.05,35491.76,1053.33,856.77,1910.10
2004,Arizona,0.09,31036.69,1961.94,839.53,2801.47
2004,Arkansas,0.10,26436.93,1847.93,671.63,2519.56
2004,California,0.11,38214.37,3158.55,847.96,4006.51
2004,Colorado,0.09,38306.94,2396.03,1017.89,3413.92
2004,Connecticut,0.12,48681.94,3994.24,1677.99,5672.23
2004,Delaware,0.09,37779.25,2168.32,1221.17,3389.49
2004,District of Columbia,0.12,46836.18,3837.67,1547.16,5384.83
2004,Florida,0.09,35327.48,2189.27,965.33,3154.60
2004,Georgia,0.09,32225.86,2179.55,810.77,2990.32
2004,Hawaii,0.10,34209.29,2546.32,829.88,3376.20
2004,Idaho,0.10,29429.28,2066.92,877.49,2944.41
2004,Illinois,0.10,37630.43,2775.65,936.30,3711.95
2004,Indiana,0.09,30914.75,2001.26,762.68,2763.94
2004,Iowa,0.09,31339.48,2120.86,831.00,2951.86
2004,Kansas,0.10,31993.20,2280.69,937.16,3217.85
2004,Kentucky,0.10,27536.63,2026.71,690.41,2717.12
2004,Louisiana,0.09,26708.82,1693.38,641.43,2334.81
2004,Maine,0.11,31836.66,2673.13,851.37,3524.50
2004,Maryland,0.11,42127.83,3300.72,1187.80,4488.52
2004,Massachusetts,0.11,43751.16,3406.07,1189.22,4595.29
2004,Michigan,0.10,32871.98,2461.11,758.32,3219.43
2004,Minnesota,0.10,37424.13,2837.25,919.15,3756.40
2004,Mississippi,0.09,24352.64,1551.43,608.40,2159.83
2004,Missouri,0.09,31419.86,2115.16,839.41,2954.57
2004,Montana,0.09,28303.03,1774.02,884.28,2658.30
2004,Nebraska,0.10,33494.73,2512.68,909.81,3422.49
2004,Nevada,0.08,38690.68,1915.60,1216.80,3132.40
2004,New Hampshire,0.08,39333.35,1781.32,1306.79,3088.11
2004,New Jersey,0.12,44665.71,3729.06,1444.59,5173.65
2004,New Mexico,0.09,27711.02,1632.39,726.21,2358.60
2004,New York,0.12,39763.97,3978.17,949.25,4927.42
2004,North Carolina,0.10,30579.06,2296.51,766.33,3062.84
2004,North Dakota,0.09,29682.76,1849.28,839.53,2688.81
2004,Ohio,0.11,32054.77,2632.47,730.77,3363.24
2004,Oklahoma,0.09,28791.97,1935.54,747.70,2683.24
2004,Oregon,0.10,32340.96,2474.30,863.99,3338.29
2004,Pennsylvania,0.11,34515.22,2725.46,889.31,3614.77
2004,Rhode Island,0.11,36332.84,3017.89,1123.89,4141.78
2004,South Carolina,0.09,28048.21,1803.51,738.80,2542.31
2004,South Dakota,0.07,32478.52,1382.13,957.69,2339.82
2004,Tennessee,0.08,30958.07,1563.88,749.22,2313.10
2004,Texas,0.08,32027.78,1863.95,684.90,2548.85
2004,Utah,0.10,28491.08,2142.32,793.74,2936.06
2004,Vermont,0.10,34001.81,2429.07,1046.40,3475.47
2004,Virginia,0.10,38483.08,2721.10,1049.95,3771.05
2004,Washington,0.10,38154.47,2648.52,982.62,3631.14
2004,West Virginia,0.10,25024.54,1833.43,630.53,2463.96
2004,Wisconsin,0.11,34278.94,2954.16,838.36,3792.52
2004,Wyoming,0.07,37069.37,1176.57,1321.32,2497.89
2003,Alabama,0.09,26478.60,1604.17,722.13,2326.30
2003,Alaska,0.05,34044.27,904.03,823.25,1727.28
2003,Arizona,0.09,29036.03,1902.45,793.53,2695.98
2003,Arkansas,0.10,24631.68,1703.77,643.29,2347.06
2003,California,0.10,35711.74,2929.60,788.97,3718.57
2003,Colorado,0.09,36617.81,2301.04,979.87,3280.91
2003,Connecticut,0.12,45603.05,3691.99,1539.51,5231.50
2003,Delaware,0.09,35553.94,1977.67,1136.74,3114.41
2003,District of Columbia,0.11,42473.85,3286.97,1417.86,4704.83
2003,Florida,0.09,32565.22,2057.24,899.04,2956.28
2003,Georgia,0.09,30823.47,2044.32,781.34,2825.66
2003,Hawaii,0.10,31931.54,2415.17,784.76,3199.93
2003,Idaho,0.10,27548.40,1931.94,820.73,2752.67
2003,Illinois,0.10,35599.25,2560.69,898.17,3458.86
2003,Indiana,0.09,29425.20,1877.90,742.44,2620.34
2003,Iowa,0.10,29152.77,1963.35,798.45,2761.80
2003,Kansas,0.10,30476.39,2147.12,914.55,3061.67
2003,Kentucky,0.10,26182.61,1984.90,671.91,2656.81
2003,Louisiana,0.09,25469.67,1629.11,626.27,2255.38
2003,Maine,0.11,29970.79,2584.07,810.80,3394.87
2003,Maryland,0.11,39163.13,3083.59,1115.95,4199.54
2003,Massachusetts,0.10,40925.01,3072.07,1125.33,4197.40
2003,Michigan,0.10,31399.09,2352.85,729.18,3082.03
2003,Minnesota,0.10,35283.10,2659.82,871.94,3531.76
2003,Mississippi,0.09,23060.55,1497.29,596.09,2093.38
2003,Missouri,0.09,29740.72,2004.23,806.14,2810.37
2003,Montana,0.09,26182.93,1597.79,829.36,2427.15
2003,Nebraska,0.10,31456.74,2372.80,881.69,3254.49
2003,Nevada,0.08,34914.13,1718.97,1095.52,2814.49
2003,New Hampshire,0.08,36993.24,1727.77,1228.95,2956.72
2003,New Jersey,0.12,42116.14,3465.35,1358.69,4824.04
2003,New Mexico,0.09,26468.03,1772.44,702.40,2474.84
2003,New York,0.12,37009.02,3685.77,870.55,4556.32
2003,North Carolina,0.10,28907.55,2147.89,724.78,2872.67
2003,North Dakota,0.09,27525.67,1774.89,805.72,2580.61
2003,Ohio,0.10,30671.96,2483.97,712.41,3196.38
2003,Oklahoma,0.09,27116.59,1811.07,714.60,2525.67
2003,Oregon,0.10,30365.87,2307.42,817.16,3124.58
2003,Pennsylvania,0.10,32526.37,2517.80,851.18,3368.98
2003,Rhode Island,0.11,33946.83,2789.62,1058.93,3848.55
2003,South Carolina,0.09,26665.94,1716.52,712.01,2428.53
2003,South Dakota,0.08,29687.09,1353.27,897.18,2250.45
2003,Tennessee,0.07,29158.34,1422.33,714.03,2136.36
2003,Texas,0.08,30552.91,1762.33,658.78,2421.11
2003,Utah,0.10,27228.61,2051.22,768.01,2819.23
2003,Vermont,0.10,31558.72,2276.23,971.34,3247.57
2003,Virginia,0.10,35934.54,2545.98,999.54,3545.52
2003,Washington,0.09,35854.01,2400.73,929.93,3330.66
2003,West Virginia,0.10,24017.69,1728.61,621.01,2349.62
2003,Wisconsin,0.11,32557.85,2813.26,809.97,3623.23
2003,Wyoming,0.07,33815.49,1097.10,1208.56,2305.66
2002,Alabama,0.09,25838.29,1615.77,680.01,2295.78
2002,Alaska,0.05,33208.33,899.65,760.06,1659.71
2002,Arizona,0.09,28612.56,1861.41,734.02,2595.43
2002,Arkansas,0.10,23908.23,1711.88,596.20,2308.08
2002,California,0.10,35125.52,2910.79,749.92,3660.71
2002,Colorado,0.09,36806.36,2339.09,939.76,3278.85
2002,Connecticut,0.11,45887.72,3581.57,1513.88,5095.45
2002,Delaware,0.08,34957.17,1779.59,1082.00,2861.59
2002,District of Columbia,0.11,41397.46,3309.30,1326.77,4636.07
2002,Florida,0.09,32035.20,1966.25,854.16,2820.41
2002,Georgia,0.09,30576.01,2080.61,739.04,2819.65
2002,Hawaii,0.10,30818.12,2357.02,732.02,3089.04
2002,Idaho,0.10,26853.15,1903.34,764.38,2667.72
2002,Illinois,0.10,35208.76,2532.11,856.67,3388.78
2002,Indiana,0.09,28882.49,1748.99,706.59,2455.58
2002,Iowa,0.10,28559.58,1950.29,760.29,2710.58
2002,Kansas,0.10,29925.75,2022.65,875.60,2898.25
2002,Kentucky,0.10,25831.16,1933.13,643.82,2576.95
2002,Louisiana,0.09,25046.24,1575.30,595.91,2171.21
2002,Maine,0.11,29159.03,2520.01,757.83,3277.84
2002,Maryland,0.11,38244.23,3045.82,1053.37,4099.19
2002,Massachusetts,0.10,40924.37,2978.62,1090.29,4068.91
2002,Michigan,0.10,30869.96,2262.54,686.62,2949.16
2002,Minnesota,0.10,34396.25,2618.35,813.44,3431.79
2002,Mississippi,0.09,22560.95,1458.55,567.65,2026.20
2002,Missouri,0.09,29114.24,1984.24,761.61,2745.85
2002,Montana,0.09,25260.72,1528.68,752.96,2281.64
2002,Nebraska,0.10,30271.56,2181.88,823.09,3004.97
2002,Nevada,0.08,34199.02,1623.97,998.14,2622.11
2002,New Hampshire,0.08,36847.94,1683.56,1199.57,2883.13
2002,New Jersey,0.11,41885.69,3359.81,1326.95,4686.76
2002,New Mexico,0.09,26610.73,1786.60,696.00,2482.60
2002,New York,0.12,37081.40,3520.91,848.83,4369.74
2002,North Carolina,0.10,28723.72,2131.68,691.94,2823.62
2002,North Dakota,0.09,26079.89,1715.23,738.04,2453.27
2002,Ohio,0.10,30075.37,2442.37,674.52,3116.89
2002,Oklahoma,0.10,26741.61,1859.68,680.54,2540.22
2002,Oregon,0.10,29908.72,2137.79,767.67,2905.46
2002,Pennsylvania,0.10,31830.74,2394.19,804.33,3198.52
2002,Rhode Island,0.11,32741.18,2649.72,994.68,3644.40
2002,South Carolina,0.09,26179.06,1651.46,680.60,2332.06
2002,South Dakota,0.07,28315.27,1272.80,831.18,2103.98
2002,Tennessee,0.07,28582.72,1326.02,680.26,2006.28
2002,Texas,0.08,30552.97,1740.05,626.91,2366.96
2002,Utah,0.10,27075.62,2045.62,722.48,2768.10
2002,Vermont,0.10,30887.80,2207.61,917.10,3124.71
2002,Virginia,0.10,34929.50,2491.23,925.93,3417.16
2002,Washington,0.09,35273.79,2356.81,863.49,3220.30
2002,West Virginia,0.10,23495.80,1682.97,584.92,2267.89
2002,Wisconsin,0.11,31867.90,2726.01,768.13,3494.14
2002,Wyoming,0.07,33156.76,1099.77,1126.33,2226.10
2001,Alabama,0.09,25849.83,1643.32,670.52,2313.84
2001,Alaska,0.05,33061.94,860.03,754.86,1614.89
2001,Arizona,0.09,29167.84,1818.92,722.26,2541.18
2001,Arkansas,0.09,23868.16,1631.59,588.03,2219.62
2001,California,0.11,37018.66,3206.51,791.73,3998.24
2001,Colorado,0.09,38563.82,2418.03,962.31,3380.34
2001,Connecticut,0.11,47965.87,3685.81,1566.03,5251.84
2001,Delaware,0.08,34520.78,1771.17,1069.68,2840.85
2001,District of Columbia,0.11,42796.43,3368.06,1346.35,4714.41
2001,Florida,0.08,32820.62,1906.75,849.96,2756.71
2001,Georgia,0.09,30990.63,2149.55,742.90,2892.45
2001,Hawaii,0.10,31118.41,2391.69,721.42,3113.11
2001,Idaho,0.10,27397.52,2061.88,768.19,2830.07
2001,Illinois,0.09,36091.66,2483.62,872.41,3356.03
2001,Indiana,0.08,29361.19,1718.81,708.91,2427.72
2001,Iowa,0.09,28614.28,1930.38,753.46,2683.84
2001,Kansas,0.10,30235.61,2003.70,875.41,2879.11
2001,Kentucky,0.10,25956.22,1878.43,641.11,2519.54
2001,Louisiana,0.09,24697.77,1520.73,587.44,2108.17
2001,Maine,0.11,29327.77,2459.95,763.09,3223.04
2001,Maryland,0.10,38520.42,2974.75,1045.45,4020.20
2001,Massachusetts,0.10,43435.71,3219.48,1158.97,4378.45
2001,Michigan,0.10,31826.43,2311.44,705.99,3017.43
2001,Minnesota,0.10,35142.58,2682.53,822.34,3504.87
2001,Mississippi,0.09,22415.93,1451.81,558.24,2010.05
2001,Missouri,0.09,29436.23,1976.71,765.43,2742.14
2001,Montana,0.09,25325.59,1495.48,731.60,2227.08
2001,Nebraska,0.10,30640.63,2128.90,819.20,2948.10
2001,Nevada,0.07,35541.43,1558.24,980.67,2538.91
2001,New Hampshire,0.08,38402.16,1607.96,1304.61,2912.57
2001,New Jersey,0.11,43009.97,3381.60,1353.39,4734.99
2001,New Mexico,0.09,25942.51,1753.86,669.23,2423.09
2001,New York,0.12,38350.90,3526.18,883.22,4409.40
2001,North Carolina,0.10,29385.60,2115.57,703.19,2818.76
2001,North Dakota,0.09,26446.53,1683.58,728.18,2411.76
2001,Ohio,0.10,30361.89,2367.22,677.32,3044.54
2001,Oklahoma,0.09,26480.53,1819.27,665.17,2484.44
2001,Oregon,0.10,30940.76,2278.96,778.42,3057.38
2001,Pennsylvania,0.10,32195.85,2357.04,806.62,3163.66
2001,Rhode Island,0.11,33000.32,2675.16,1025.86,3701.02
2001,South Carolina,0.09,26490.55,1694.31,678.19,2372.50
2001,South Dakota,0.07,28658.04,1260.94,814.61,2075.55
2001,Tennessee,0.07,28907.37,1317.89,686.03,2003.92
2001,Texas,0.07,31258.12,1675.76,644.21,2319.97
2001,Utah,0.10,27334.35,2070.52,712.89,2783.41
2001,Vermont,0.10,31206.01,2260.97,917.17,3178.14
2001,Virginia,0.10,35395.78,2512.65,917.65,3430.30
2001,Washington,0.09,36650.99,2307.00,885.80,3192.80
2001,West Virginia,0.10,22942.31,1618.07,574.29,2192.36
2001,Wisconsin,0.11,32006.38,2677.07,769.20,3446.27
2001,Wyoming,0.06,33463.63,1003.36,1116.53,2119.89
2000,Alabama,0.09,25250.56,1547.06,652.21,2199.27
2000,Alaska,0.05,31969.75,869.84,722.96,1592.80
2000,Arizona,0.09,28545.69,1789.48,707.54,2497.02
2000,Arkansas,0.09,23174.53,1571.49,565.57,2137.06
2000,California,0.11,35984.29,3007.15,773.85,3781.00
2000,Colorado,0.09,36933.34,2309.83,919.14,3228.97
2000,Connecticut,0.11,46506.51,3694.82,1473.54,5168.36
2000,Delaware,0.09,33639.84,1792.95,1072.74,2865.69
2000,District of Columbia,0.11,40185.49,3313.50,1260.80,4574.30
2000,Florida,0.09,32266.83,1907.79,825.20,2732.99
2000,Georgia,0.09,30256.97,2066.04,720.46,2786.50
2000,Hawaii,0.10,30553.21,2295.65,700.89,2996.54
2000,Idaho,0.10,26673.05,1944.42,746.79,2691.21
2000,Illinois,0.09,35222.06,2422.60,845.54,3268.14
2000,Indiana,0.08,28842.81,1694.27,684.25,2378.52
2000,Iowa,0.09,27976.57,1899.49,722.47,2621.96
2000,Kansas,0.09,29503.47,1940.16,847.38,2787.54
2000,Kentucky,0.10,25066.69,1850.16,612.32,2462.48
2000,Louisiana,0.08,23728.33,1413.24,560.26,1973.50
2000,Maine,0.11,28556.04,2342.75,732.55,3075.30
2000,Maryland,0.10,37002.52,2859.29,1002.88,3862.17
2000,Massachusetts,0.10,41495.67,3009.63,1095.27,4104.90
2000,Michigan,0.10,31621.29,2296.55,698.66,2995.21
2000,Minnesota,0.10,34007.82,2663.38,796.08,3459.46
2000,Mississippi,0.09,21795.61,1427.95,533.62,1961.57
2000,Missouri,0.09,28696.01,1896.23,739.49,2635.72
2000,Montana,0.09,24384.43,1448.88,688.54,2137.42
2000,Nebraska,0.10,29941.45,2041.39,791.29,2832.68
2000,Nevada,0.07,35245.70,1536.70,969.79,2506.49
2000,New Hampshire,0.08,37204.69,1572.86,1249.02,2821.88
2000,New Jersey,0.11,41441.31,3215.55,1281.88,4497.43
2000,New Mexico,0.10,24013.38,1741.41,611.89,2353.30
2000,New York,0.12,37038.50,3441.02,846.77,4287.79
2000,North Carolina,0.10,28745.88,2054.55,689.51,2744.06
2000,North Dakota,0.09,25450.93,1680.45,682.51,2362.96
2000,Ohio,0.10,29790.11,2332.74,663.50,2996.24
2000,Oklahoma,0.10,24791.10,1745.09,618.42,2363.51
2000,Oregon,0.10,30307.77,2257.07,758.22,3015.29
2000,Pennsylvania,0.10,31258.62,2280.40,775.99,3056.39
2000,Rhode Island,0.11,31698.30,2487.52,967.88,3455.40
2000,South Carolina,0.09,25901.91,1657.13,662.58,2319.71
2000,South Dakota,0.07,27896.70,1209.00,772.60,1981.60
2000,Tennessee,0.07,28260.69,1286.90,671.23,1958.13
2000,Texas,0.07,29981.34,1580.60,623.00,2203.60
2000,Utah,0.10,26717.30,2037.96,690.06,2728.02
2000,Vermont,0.10,30227.48,2131.16,880.14,3011.30
2000,Virginia,0.10,34185.83,2426.18,880.07,3306.25
2000,Washington,0.09,37028.59,2263.44,892.17,3155.61
2000,West Virginia,0.10,22044.27,1568.48,544.72,2113.20
2000,Wisconsin,0.11,31187.89,2791.88,747.13,3539.01
2000,Wyoming,0.07,32398.77,1058.20,1069.60,2127.80
1999,Alabama,0.09,24210.74,1471.65,633.33,2104.98
1999,Alaska,0.05,30457.54,845.48,704.12,1549.60
1999,Arizona,0.09,27056.01,1687.31,685.86,2373.17
1999,Arkansas,0.09,22342.08,1504.20,554.65,2058.85
1999,California,0.10,32713.18,2656.24,712.07,3368.31
1999,Colorado,0.09,34082.84,2171.80,858.35,3030.15
1999,Connecticut,0.11,43122.07,3527.21,1364.43,4891.64
1999,Delaware,0.09,31743.20,1767.51,1056.29,2823.80
1999,District of Columbia,0.12,36247.38,3084.52,1170.36,4254.88
1999,Florida,0.09,30677.16,1856.62,801.02,2657.64
1999,Georgia,0.09,28717.46,1935.16,695.60,2630.76
1999,Hawaii,0.10,28674.24,2227.73,665.30,2893.03
1999,Idaho,0.10,25087.14,1830.89,711.31,2542.20
1999,Illinois,0.09,33307.30,2302.35,807.87,3110.22
1999,Indiana,0.08,27512.50,1634.43,662.12,2296.55
1999,Iowa,0.09,26832.93,1803.24,696.21,2499.45
1999,Kansas,0.10,28240.64,1867.45,828.72,2696.17
1999,Kentucky,0.10,23750.46,1778.94,587.64,2366.58
1999,Louisiana,0.08,22789.66,1372.38,546.01,1918.39
1999,Maine,0.11,26716.78,2248.25,691.69,2939.94
1999,Maryland,0.10,34504.67,2626.14,945.78,3571.92
1999,Massachusetts,0.10,37063.40,2798.92,986.10,3785.02
1999,Michigan,0.10,29799.68,2191.59,675.01,2866.60
1999,Minnesota,0.10,31931.19,2555.83,759.42,3315.25
1999,Mississippi,0.09,20910.27,1402.18,520.05,1922.23
1999,Missouri,0.10,27305.91,1873.30,715.89,2589.19
1999,Montana,0.09,23442.66,1406.20,664.83,2071.03
1999,Nebraska,0.09,28487.58,1897.67,761.99,2659.66
1999,Nevada,0.07,33503.35,1449.09,938.22,2387.31
1999,New Hampshire,0.08,34177.56,1531.95,1152.65,2684.60
1999,New Jersey,0.11,38712.17,3131.94,1192.78,4324.72
1999,New Mexico,0.10,23106.98,1683.70,603.48,2287.18
1999,New York,0.12,34835.28,3284.17,801.84,4086.01
1999,North Carolina,0.10,27492.08,1987.88,673.31,2661.19
1999,North Dakota,0.09,24117.99,1594.65,650.70,2245.35
1999,Ohio,0.10,28398.50,2171.60,648.67,2820.27
1999,Oklahoma,0.10,23353.18,1694.64,589.51,2284.15
1999,Oregon,0.10,28517.98,2083.67,728.78,2812.45
1999,Pennsylvania,0.10,29505.86,2193.28,743.84,2937.12
1999,Rhode Island,0.11,29590.65,2359.10,907.84,3266.94
1999,South Carolina,0.09,24646.56,1586.44,639.34,2225.78
1999,South Dakota,0.07,26217.38,1164.13,723.38,1887.51
1999,Tennessee,0.07,27208.06,1256.81,656.25,1913.06
1999,Texas,0.08,28278.16,1530.73,597.30,2128.03
1999,Utah,0.10,25233.44,1924.76,658.56,2583.32
1999,Vermont,0.10,28158.32,2020.18,828.88,2849.06
1999,Virginia,0.10,32123.37,2289.22,840.98,3130.20
1999,Washington,0.09,34370.68,2192.62,843.35,3035.97
1999,West Virginia,0.10,21006.14,1517.12,525.30,2042.42
1999,Wisconsin,0.11,29601.12,2608.04,721.74,3329.78
1999,Wyoming,0.06,29814.48,927.16,983.12,1910.28
1998,Alabama,0.09,22784.91,1401.82,604.61,2006.43
1998,Alaska,0.05,29402.86,826.16,715.41,1541.57
1998,Arizona,0.09,25292.39,1566.79,669.68,2236.47
1998,Arkansas,0.09,21179.06,1440.24,546.22,1986.46
1998,California,0.11,30239.07,2522.24,672.52,3194.76
1998,Colorado,0.09,31158.98,2012.00,818.22,2830.22
1998,Connecticut,0.12,40404.34,3447.57,1307.65,4755.22
1998,Delaware,0.09,29544.56,1759.56,1011.24,2770.80
1998,District of Columbia,0.12,34577.86,2982.64,1155.67,4138.31
1998,Florida,0.09,28895.23,1786.58,783.72,2570.30
1998,Georgia,0.09,26566.85,1822.22,673.11,2495.33
1998,Hawaii,0.11,27862.24,2258.57,665.47,2924.04
1998,Idaho,0.10,23544.50,1735.50,690.20,2425.70
1998,Illinois,0.09,31406.62,2174.53,787.55,2962.08
1998,Indiana,0.09,25806.26,1549.04,647.09,2196.13
1998,Iowa,0.10,25587.03,1792.97,692.26,2485.23
1998,Kansas,0.10,26865.56,1891.73,814.65,2706.38
1998,Kentucky,0.10,22436.93,1715.65,575.75,2291.40
1998,Louisiana,0.08,22041.60,1276.96,550.26,1827.22
1998,Maine,0.12,25055.95,2208.04,671.33,2879.37
1998,Maryland,0.11,32226.34,2567.66,917.44,3485.10
1998,Massachusetts,0.11,34315.34,2734.16,943.83,3677.99
1998,Michigan,0.10,28193.33,2089.37,665.54,2754.91
1998,Minnesota,0.11,29895.17,2438.79,736.47,3175.26
1998,Mississippi,0.09,19898.98,1301.21,508.18,1809.39
1998,Missouri,0.10,25954.80,1783.54,708.60,2492.14
1998,Montana,0.09,22080.87,1396.18,651.56,2047.74
1998,Nebraska,0.10,26796.78,1870.27,740.50,2610.77
1998,Nevada,0.07,31639.56,1396.46,912.15,2308.61
1998,New Hampshire,0.08,31750.80,1448.38,1119.89,2568.27
1998,New Jersey,0.11,36470.48,2998.36,1150.19,4148.55
1998,New Mexico,0.10,22169.28,1663.81,600.52,2264.33
1998,New York,0.12,32913.77,3136.39,781.26,3917.65
1998,North Carolina,0.10,25891.89,1910.79,656.53,2567.32
1998,North Dakota,0.10,22789.03,1554.55,645.03,2199.58
1998,Ohio,0.10,26926.29,2070.51,640.54,2711.05
1998,Oklahoma,0.10,22250.55,1604.09,582.62,2186.71
1998,Oregon,0.10,27305.98,2034.08,722.23,2756.31
1998,Pennsylvania,0.10,27889.05,2102.14,728.77,2830.91
1998,Rhode Island,0.12,27877.01,2296.99,895.80,3192.79
1998,South Carolina,0.09,23120.04,1488.83,613.99,2102.82
1998,South Dakota,0.08,24462.00,1145.39,695.31,1840.70
1998,Tennessee,0.07,25349.84,1219.40,630.70,1850.10
1998,Texas,0.08,26485.39,1455.58,580.89,2036.47
1998,Utah,0.10,23740.20,1835.58,645.17,2480.75
1998,Vermont,0.11,26397.43,1959.61,801.90,2761.51
1998,Virginia,0.10,29852.56,2142.50,816.30,2958.80
1998,Washington,0.09,31565.44,2121.45,800.24,2921.69
1998,West Virginia,0.10,20082.68,1378.90,522.51,1901.41
1998,Wisconsin,0.12,27970.34,2517.46,706.11,3223.57
1998,Wyoming,0.07,27500.88,870.14,917.81,1787.95
1997,Alabama,0.09,21375.28,1352.11,581.14,1933.25
1997,Alaska,0.05,27769.57,776.99,703.70,1480.69
1997,Arizona,0.09,23514.29,1510.53,640.87,2151.40
1997,Arkansas,0.10,19935.51,1374.40,527.07,1901.47
1997,California,0.11,27978.24,2325.33,638.76,2964.09
1997,Colorado,0.09,28701.32,1903.81,774.81,2678.62
1997,Connecticut,0.12,37220.09,3276.63,1218.96,4495.59
1997,Delaware,0.09,27795.78,1634.57,976.44,2611.01
1997,District of Columbia,0.12,31812.52,2705.24,1080.23,3785.47
1997,Florida,0.09,26890.26,1714.57,746.18,2460.75
1997,Georgia,0.10,24841.16,1737.83,646.45,2384.28
1997,Hawaii,0.11,26863.32,2201.83,660.65,2862.48
1997,Idaho,0.11,22271.11,1664.56,672.38,2336.94
1997,Illinois,0.10,29372.24,2086.18,755.27,2841.45
1997,Indiana,0.09,24100.24,1576.16,621.86,2198.02
1997,Iowa,0.10,24149.23,1730.35,670.26,2400.61
1997,Kansas,0.10,25017.65,1734.64,778.15,2512.79
1997,Kentucky,0.10,21102.95,1647.57,555.74,2203.31
1997,Louisiana,0.09,20713.85,1248.30,534.33,1782.63
1997,Maine,0.11,23306.53,1957.17,644.09,2601.26
1997,Maryland,0.11,30127.09,2401.64,881.21,3282.85
1997,Massachusetts,0.11,31817.24,2550.67,892.89,3443.56
1997,Michigan,0.10,26418.11,1999.04,641.10,2640.14
1997,Minnesota,0.11,27745.85,2387.29,706.67,3093.96
1997,Mississippi,0.09,18692.99,1245.01,491.26,1736.27
1997,Missouri,0.10,24438.72,1689.96,684.97,2374.93
1997,Montana,0.09,20612.61,1322.88,624.27,1947.15
1997,Nebraska,0.10,25237.21,1859.39,710.20,2569.59
1997,Nevada,0.08,30026.64,1403.27,879.71,2282.98
1997,New Hampshire,0.09,29376.86,1450.37,1057.06,2507.43
1997,New Jersey,0.11,33913.67,2733.46,1092.44,3825.90
1997,New Mexico,0.10,20945.90,1566.66,587.67,2154.33
1997,New York,0.12,30719.37,3001.06,744.66,3745.72
1997,North Carolina,0.10,24273.10,1778.42,633.38,2411.80
1997,North Dakota,0.10,21489.18,1505.67,624.56,2130.23
1997,Ohio,0.10,25176.23,1960.29,618.06,2578.35
1997,Oklahoma,0.10,20866.04,1516.70,566.74,2083.44
1997,Oregon,0.11,25795.44,2028.11,705.06,2733.17
1997,Pennsylvania,0.10,26050.43,1992.28,701.62,2693.90
1997,Rhode Island,0.12,25979.71,2186.93,853.38,3040.31
1997,South Carolina,0.09,21741.60,1400.61,589.70,1990.31
1997,South Dakota,0.08,22879.18,1038.49,670.74,1709.23
1997,Tennessee,0.08,23522.58,1163.22,604.97,1768.19
1997,Texas,0.08,24252.13,1394.11,549.21,1943.32
1997,Utah,0.10,22267.19,1677.81,629.98,2307.79
1997,Vermont,0.11,24471.08,1836.93,762.66,2599.59
1997,Virginia,0.10,27851.25,1999.66,789.14,2788.80
1997,Washington,0.10,29068.03,2071.38,759.38,2830.76
1997,West Virginia,0.10,19112.70,1318.54,510.55,1829.09
1997,Wisconsin,0.12,26082.44,2377.86,678.81,3056.67
1997,Wyoming,0.07,25003.60,800.23,846.75,1646.98
1996,Alabama,0.09,20342.23,1303.32,561.79,1865.11
1996,Alaska,0.06,26505.39,787.68,685.76,1473.44
1996,Arizona,0.10,22153.86,1526.41,610.70,2137.11
1996,Arkansas,0.10,19035.10,1334.72,508.91,1843.63
1996,California,0.11,26208.77,2229.56,606.16,2835.72
1996,Colorado,0.09,26810.92,1781.74,737.82,2519.56
1996,Connecticut,0.12,34408.38,2976.81,1134.54,4111.35
1996,Delaware,0.09,26201.68,1542.42,906.28,2448.70
1996,District of Columbia,0.12,29075.55,2443.04,1004.00,3447.04
1996,Florida,0.09,25315.13,1643.67,711.68,2355.35
1996,Georgia,0.10,23400.28,1684.14,618.67,2302.81
1996,Hawaii,0.11,26205.84,2201.23,663.34,2864.57
1996,Idaho,0.10,21532.00,1581.54,659.38,2240.92
1996,Illinois,0.10,27550.79,2026.86,718.74,2745.60
1996,Indiana,0.09,22630.03,1435.89,598.68,2034.57
1996,Iowa,0.10,22746.66,1679.34,640.07,2319.41
1996,Kansas,0.10,23352.91,1661.12,734.33,2395.45
1996,Kentucky,0.11,19844.37,1591.38,530.36,2121.74
1996,Louisiana,0.08,19468.13,1068.03,509.49,1577.52
1996,Maine,0.11,21753.08,1810.86,611.84,2422.70
1996,Maryland,0.11,28372.05,2310.73,842.37,3153.10
1996,Massachusetts,0.11,29544.35,2431.44,841.71,3273.15
1996,Michigan,0.10,24833.53,1883.93,613.61,2497.54
1996,Minnesota,0.11,25977.15,2206.80,674.66,2881.46
1996,Mississippi,0.10,17762.41,1217.29,468.87,1686.16
1996,Missouri,0.10,22883.13,1580.44,654.29,2234.73
1996,Montana,0.09,19550.80,1205.67,599.75,1805.42
1996,Nebraska,0.10,23974.66,1727.28,685.36,2412.64
1996,Nevada,0.08,28217.30,1368.96,838.92,2207.88
1996,New Hampshire,0.09,27246.31,1384.21,991.78,2375.99
1996,New Jersey,0.12,31850.31,2762.39,1049.00,3811.39
1996,New Mexico,0.10,20022.89,1488.27,567.97,2056.24
1996,New York,0.13,28733.71,2911.63,705.00,3616.63
1996,North Carolina,0.10,22801.86,1684.89,602.23,2287.12
1996,North Dakota,0.10,20530.57,1422.83,604.21,2027.04
1996,Ohio,0.11,23651.14,1899.19,590.13,2489.32
1996,Oklahoma,0.10,19644.44,1430.52,543.87,1974.39
1996,Oregon,0.11,24069.99,1858.29,675.09,2533.38
1996,Pennsylvania,0.11,24484.26,1894.33,672.93,2567.26
1996,Rhode Island,0.12,24492.99,2037.58,813.05,2850.63
1996,South Carolina,0.09,20446.49,1335.27,564.21,1899.48
1996,South Dakota,0.08,21616.53,1004.91,640.01,1644.92
1996,Tennessee,0.08,22226.45,1112.94,583.45,1696.39
1996,Texas,0.08,22532.23,1349.19,523.22,1872.41
1996,Utah,0.11,20740.47,1580.69,594.34,2175.03
1996,Vermont,0.11,23027.27,1714.39,731.18,2445.57
1996,Virginia,0.10,26192.14,1877.95,754.98,2632.93
1996,Washington,0.10,27014.20,2004.67,716.38,2721.05
1996,West Virginia,0.10,18134.63,1247.74,487.43,1735.17
1996,Wisconsin,0.12,24503.06,2310.83,646.11,2956.94
1996,Wyoming,0.07,23018.28,777.46,788.14,1565.60
1995,Alabama,0.09,19467.42,1247.09,558.67,1805.76
1995,Alaska,0.06,25831.80,782.43,697.50,1479.93
1995,Arizona,0.10,20912.60,1500.43,604.60,2105.03
1995,Arkansas,0.10,18118.00,1230.08,507.58,1737.66
1995,California,0.11,24741.34,2101.34,596.92,2698.26
1995,Colorado,0.10,25213.97,1724.30,726.98,2451.28
1995,Connecticut,0.12,32426.23,2859.82,1117.88,3977.70
1995,Delaware,0.09,24925.05,1478.80,862.52,2341.32
1995,District of Columbia,0.12,28053.46,2254.01,1030.92,3284.93
1995,Florida,0.10,23830.43,1575.79,706.15,2281.94
1995,Georgia,0.10,21994.27,1592.31,610.23,2202.54
1995,Hawaii,0.11,25900.48,2065.61,697.41,2763.02
1995,Idaho,0.11,20445.18,1535.36,652.47,2187.83
1995,Illinois,0.10,25986.70,1948.97,703.79,2652.76
1995,Indiana,0.09,21732.76,1405.78,595.50,2001.28
1995,Iowa,0.11,21225.76,1689.90,622.70,2312.60
1995,Kansas,0.10,22310.38,1570.32,731.09,2301.41
1995,Kentucky,0.11,18936.68,1535.87,526.02,2061.89
1995,Louisiana,0.08,18465.23,1008.80,500.02,1508.82
1995,Maine,0.11,20698.98,1731.10,607.90,2339.00
1995,Maryland,0.12,27194.34,2269.24,844.98,3114.22
1995,Massachusetts,0.11,27632.94,2294.41,825.59,3120.00
1995,Michigan,0.10,23748.39,1807.27,611.96,2419.23
1995,Minnesota,0.11,24342.84,2081.97,658.05,2740.02
1995,Mississippi,0.10,16925.91,1150.45,466.06,1616.51
1995,Missouri,0.10,21822.52,1554.33,655.51,2209.84
1995,Montana,0.10,18970.01,1232.03,604.22,1836.25
1995,Nebraska,0.10,22204.94,1639.07,662.52,2301.59
1995,Nevada,0.08,26611.92,1320.94,828.51,2149.45
1995,New Hampshire,0.09,25803.15,1383.23,960.50,2343.73
1995,New Jersey,0.12,30059.94,2650.95,1046.65,3697.60
1995,New Mexico,0.10,19188.15,1409.28,565.10,1974.38
1995,New York,0.13,27114.29,2856.08,693.40,3549.48
1995,North Carolina,0.10,21662.56,1657.42,598.88,2256.30
1995,North Dakota,0.10,19271.72,1404.00,590.50,1994.50
1995,Ohio,0.11,22634.04,1824.68,589.48,2414.16
1995,Oklahoma,0.10,18880.07,1377.24,543.91,1921.15
1995,Oregon,0.11,22693.30,1865.63,662.21,2527.84
1995,Pennsylvania,0.11,23300.59,1839.67,667.21,2506.88
1995,Rhode Island,0.12,23354.48,1976.77,798.89,2775.66
1995,South Carolina,0.10,19420.26,1284.06,560.32,1844.38
1995,South Dakota,0.08,20169.53,978.41,626.57,1604.98
1995,Tennessee,0.08,21142.24,1059.03,579.41,1638.44
1995,Texas,0.09,21364.35,1320.78,522.49,1843.27
1995,Utah,0.11,19392.50,1526.01,573.06,2099.07
1995,Vermont,0.11,21871.98,1631.60,730.54,2362.14
1995,Virginia,0.10,25071.69,1850.11,759.23,2609.34
1995,Washington,0.10,25606.87,1933.13,709.36,2642.49
1995,West Virginia,0.10,17549.85,1219.41,487.94,1707.35
1995,Wisconsin,0.12,23377.75,2222.66,641.14,2863.80
1995,Wyoming,0.07,21975.45,682.41,782.45,1464.86
1994,Alabama,0.09,18323.61,1171.94,533.09,1705.03
1994,Alaska,0.06,24971.25,739.19,689.04,1428.23
1994,Arizona,0.10,19731.76,1431.33,587.72,2019.05
1994,Arkansas,0.10,17212.04,1160.21,491.16,1651.37
1994,California,0.11,23701.12,1979.48,586.91,2566.39
1994,Colorado,0.10,23820.29,1665.63,699.16,2364.79
1994,Connecticut,0.12,31068.84,2657.98,1096.74,3754.72
1994,Delaware,0.09,23984.04,1366.92,845.75,2212.67
1994,District of Columbia,0.12,27048.92,2233.77,1015.03,3248.80
1994,Florida,0.10,22740.80,1507.75,689.65,2197.40
1994,Georgia,0.10,20717.74,1526.88,585.95,2112.83
1994,Hawaii,0.11,25426.96,2147.28,703.87,2851.15
1994,Idaho,0.11,19512.71,1497.12,632.39,2129.51
1994,Illinois,0.10,24589.32,1855.36,678.37,2533.73
1994,Indiana,0.09,20595.34,1335.56,574.46,1910.02
1994,Iowa,0.11,19987.60,1591.87,600.38,2192.25
1994,Kansas,0.10,21426.81,1527.61,709.47,2237.08
1994,Kentucky,0.11,18031.24,1413.05,511.45,1924.50
1994,Louisiana,0.08,17489.44,947.90,481.61,1429.51
1994,Maine,0.11,19706.00,1649.65,584.48,2234.13
1994,Maryland,0.12,25990.52,2175.43,820.80,2996.23
1994,Massachusetts,0.11,26248.34,2189.41,799.45,2988.86
1994,Michigan,0.10,22259.35,1738.41,580.09,2318.50
1994,Minnesota,0.11,22837.09,1936.00,630.41,2566.41
1994,Mississippi,0.10,15954.56,1083.58,447.81,1531.39
1994,Missouri,0.10,20668.04,1370.32,643.51,2013.83
1994,Montana,0.10,18406.29,1172.93,595.49,1768.42
1994,Nebraska,0.11,21036.19,1574.50,641.02,2215.52
1994,Nevada,0.08,25432.17,1240.60,809.24,2049.84
1994,New Hampshire,0.09,24488.40,1322.87,924.33,2247.20
1994,New Jersey,0.13,28676.77,2589.63,1010.93,3600.56
1994,New Mexico,0.11,18234.83,1370.87,546.50,1917.37
1994,New York,0.13,26085.99,2760.81,668.74,3429.55
1994,North Carolina,0.11,20596.44,1591.75,580.52,2172.27
1994,North Dakota,0.10,18553.32,1303.31,580.47,1883.78
1994,Ohio,0.11,21464.63,1677.69,574.50,2252.19
1994,Oklahoma,0.10,18154.21,1288.19,529.82,1818.01
1994,Oregon,0.11,21493.60,1820.43,639.40,2459.83
1994,Pennsylvania,0.11,22243.94,1749.75,651.39,2401.14
1994,Rhode Island,0.12,22377.95,1871.13,777.20,2648.33
1994,South Carolina,0.10,18327.72,1200.78,540.08,1740.86
1994,South Dakota,0.08,19490.22,936.66,618.13,1554.79
1994,Tennessee,0.08,20018.57,1052.44,558.82,1611.26
1994,Texas,0.09,20392.23,1278.21,505.97,1784.18
1994,Utah,0.11,18192.26,1438.65,541.71,1980.36
1994,Vermont,0.11,20913.68,1676.26,703.12,2379.38
1994,Virginia,0.10,23953.15,1721.47,741.03,2462.50
1994,Washington,0.10,24540.26,1800.29,691.70,2491.99
1994,West Virginia,0.10,16781.45,1156.51,473.84,1630.35
1994,Wisconsin,0.13,22134.32,2138.45,620.01,2758.46
1994,Wyoming,0.07,21091.32,712.95,756.15,1469.10
1993,Alabama,0.09,17686.39,1142.57,518.79,1661.36
1993,Alaska,0.06,24184.57,736.26,670.55,1406.81
1993,Arizona,0.10,18890.64,1386.11,565.81,1951.92
1993,Arkansas,0.10,16484.61,1092.39,475.77,1568.16
1993,California,0.11,23304.20,1976.73,580.98,2557.71
1993,Colorado,0.10,22631.77,1570.14,671.70,2241.84
1993,Connecticut,0.12,29977.87,2561.20,1074.36,3635.56
1993,Delaware,0.09,23317.87,1317.29,836.24,2153.53
1993,District of Columbia,0.12,25845.96,2132.58,981.09,3113.67
1993,Florida,0.10,22017.86,1410.17,677.35,2087.52
1993,Georgia,0.10,19781.12,1436.34,566.62,2002.96
1993,Hawaii,0.11,25166.63,1993.06,710.25,2703.31
1993,Idaho,0.11,18580.22,1403.65,609.23,2012.88
1993,Illinois,0.10,23668.85,1759.38,663.84,2423.22
1993,Indiana,0.09,19545.67,1248.20,554.58,1802.78
1993,Iowa,0.11,19127.99,1535.54,586.43,2121.97
1993,Kansas,0.10,20412.07,1389.44,681.44,2070.88
1993,Kentucky,0.11,17319.60,1328.62,499.75,1828.37
1993,Louisiana,0.08,16748.81,913.81,464.78,1378.59
1993,Maine,0.12,18996.44,1618.64,574.59,2193.23
1993,Maryland,0.12,25122.55,2088.99,794.60,2883.59
1993,Massachusetts,0.11,25064.17,2061.03,781.34,2842.37
1993,Michigan,0.10,20853.08,1620.98,557.67,2178.65
1993,Minnesota,0.11,22065.49,1878.77,618.70,2497.47
1993,Mississippi,0.10,14938.10,991.90,426.25,1418.15
1993,Missouri,0.10,19770.76,1285.02,623.23,1908.25
1993,Montana,0.09,17714.16,1092.34,581.95,1674.29
1993,Nebraska,0.10,20155.06,1472.14,627.52,2099.66
1993,Nevada,0.08,24454.65,1203.56,779.20,1982.76
1993,New Hampshire,0.10,23570.17,1389.08,898.02,2287.10
1993,New Jersey,0.12,27830.89,2462.41,997.03,3459.44
1993,New Mexico,0.10,17409.74,1282.46,530.85,1813.31
1993,New York,0.13,25419.26,2641.00,659.57,3300.57
1993,North Carolina,0.10,19598.10,1486.33,561.71,2048.04
1993,North Dakota,0.10,17643.74,1221.11,567.01,1788.12
1993,Ohio,0.10,20491.08,1559.55,556.50,2116.05
1993,Oklahoma,0.10,17518.19,1234.52,519.91,1754.43
1993,Oregon,0.12,20481.43,1748.00,613.38,2361.38
1993,Pennsylvania,0.11,21509.54,1682.49,636.92,2319.41
1993,Rhode Island,0.12,21623.12,1800.83,767.80,2568.63
1993,South Carolina,0.10,17556.87,1160.92,521.99,1682.91
1993,South Dakota,0.08,18448.44,867.87,594.92,1462.79
1993,Tennessee,0.08,19133.89,1038.47,540.45,1578.92
1993,Texas,0.09,19711.71,1197.76,496.86,1694.62
1993,Utah,0.11,17305.01,1370.40,519.37,1889.77
1993,Vermont,0.11,20160.88,1599.65,696.49,2296.14
1993,Virginia,0.10,23077.72,1635.72,716.79,2352.51
1993,Washington,0.10,23736.52,1673.06,677.51,2350.57
1993,West Virginia,0.10,16303.18,1101.47,464.53,1566.00
1993,Wisconsin,0.12,21063.77,2004.05,599.67,2603.72
1993,Wyoming,0.07,20208.81,630.88,729.96,1360.84
1992,Alabama,0.09,16897.04,1053.71,494.30,1548.01
1992,Alaska,0.06,23522.40,739.82,647.11,1386.93
1992,Arizona,0.10,18263.65,1330.48,549.18,1879.66
1992,Arkansas,0.10,15660.11,1052.23,449.49,1501.72
1992,California,0.11,22796.08,1954.39,569.06,2523.45
1992,Colorado,0.10,21540.91,1528.78,638.70,2167.48
1992,Connecticut,0.12,28404.96,2388.22,1016.86,3405.08
1992,Delaware,0.09,22779.20,1290.46,812.62,2103.08
1992,District of Columbia,0.12,24524.95,2083.60,922.58,3006.18
1992,Florida,0.09,21099.73,1316.49,647.02,1963.51
1992,Georgia,0.10,18841.39,1330.20,538.77,1868.97
1992,Hawaii,0.11,24269.98,1956.23,683.98,2640.21
1992,Idaho,0.11,17496.86,1397.83,572.23,1970.06
1992,Illinois,0.10,22553.83,1671.20,633.00,2304.20
1992,Indiana,0.10,18547.60,1233.38,523.32,1756.70
1992,Iowa,0.11,18489.92,1435.03,568.63,2003.66
1992,Kansas,0.10,19529.56,1267.24,650.13,1917.37
1992,Kentucky,0.11,16648.18,1283.80,477.89,1761.69
1992,Louisiana,0.08,16071.44,880.76,441.54,1322.30
1992,Maine,0.12,18365.32,1552.21,559.32,2111.53
1992,Maryland,0.11,24217.71,1910.97,766.87,2677.84
1992,Massachusetts,0.11,24000.93,1994.72,747.59,2742.31
1992,Michigan,0.10,19911.80,1476.83,530.09,2006.92
1992,Minnesota,0.11,21114.61,1747.17,593.89,2341.06
1992,Mississippi,0.09,14129.99,847.12,402.77,1249.89
1992,Missouri,0.10,18982.66,1224.62,587.84,1812.46
1992,Montana,0.10,16972.23,1103.95,553.44,1657.39
1992,Nebraska,0.10,19491.18,1393.87,603.05,1996.92
1992,Nevada,0.08,23082.35,1073.29,729.58,1802.87
1992,New Hampshire,0.10,22708.31,1349.40,873.97,2223.37
1992,New Jersey,0.13,26722.30,2422.60,960.48,3383.08
1992,New Mexico,0.10,16640.00,1217.32,507.78,1725.10
1992,New York,0.13,24431.57,2540.51,636.54,3177.05
1992,North Carolina,0.10,18628.19,1396.57,529.63,1926.20
1992,North Dakota,0.10,16815.77,1094.61,543.55,1638.16
1992,Ohio,0.10,19628.20,1485.38,532.24,2017.62
1992,Oklahoma,0.10,16871.80,1131.86,499.81,1631.67
1992,Oregon,0.12,19551.76,1672.82,584.14,2256.96
1992,Pennsylvania,0.11,20666.54,1615.34,612.28,2227.62
1992,Rhode Island,0.12,20766.48,1746.80,738.52,2485.32
1992,South Carolina,0.09,16778.02,1082.80,498.61,1581.41
1992,South Dakota,0.08,17546.09,826.03,560.97,1387.00
1992,Tennessee,0.08,17994.72,934.03,509.54,1443.57
1992,Texas,0.09,18826.18,1140.19,476.51,1616.70
1992,Utah,0.11,16475.58,1285.71,494.93,1780.64
1992,Vermont,0.12,19308.78,1546.56,671.12,2217.68
1992,Virginia,0.10,22121.20,1573.75,683.36,2257.11
1992,Washington,0.10,22801.16,1583.49,653.62,2237.11
1992,West Virginia,0.10,15521.78,1054.01,442.90,1496.91
1992,Wisconsin,0.12,19966.60,1844.71,568.12,2412.83
1992,Wyoming,0.07,19396.66,624.58,690.35,1314.93
1991,Alabama,0.09,16120.72,1004.82,465.17,1469.99
1991,Alaska,0.06,23278.90,757.63,631.08,1388.71
1991,Arizona,0.10,17949.29,1336.64,535.45,1872.09
1991,Arkansas,0.09,14709.32,914.27,423.94,1338.21
1991,California,0.11,22426.39,1872.01,558.91,2430.92
1991,Colorado,0.10,20668.21,1461.85,604.71,2066.56
1991,Connecticut,0.11,27517.95,1982.03,971.59,2953.62
1991,Delaware,0.09,22000.85,1183.12,759.58,1942.70
1991,District of Columbia,0.12,23640.01,2039.04,864.87,2903.91
1991,Florida,0.09,20741.55,1256.64,626.69,1883.33
1991,Georgia,0.10,18203.45,1300.86,513.50,1814.36
1991,Hawaii,0.11,23663.33,1886.31,663.38,2549.69
1991,Idaho,0.11,16688.19,1252.97,535.41,1788.38
1991,Illinois,0.10,21859.13,1624.81,598.60,2223.41
1991,Indiana,0.09,17893.67,1158.18,500.86,1659.04
1991,Iowa,0.11,17796.31,1355.05,540.86,1895.91
1991,Kansas,0.10,18677.45,1244.63,614.05,1858.68
1991,Kentucky,0.11,15814.86,1258.92,446.29,1705.21
1991,Louisiana,0.08,15372.80,843.66,417.35,1261.01
1991,Maine,0.11,17865.18,1437.40,539.20,1976.60
1991,Maryland,0.11,23686.39,1872.97,734.94,2607.91
1991,Massachusetts,0.11,23298.01,1936.28,704.93,2641.21
1991,Michigan,0.10,19304.11,1471.78,508.09,1979.87
1991,Minnesota,0.11,20237.62,1666.46,561.49,2227.95
1991,Mississippi,0.09,13440.41,839.95,378.36,1218.31
1991,Missouri,0.10,18179.78,1174.88,553.07,1727.95
1991,Montana,0.09,16017.97,926.08,516.01,1442.09
1991,Nebraska,0.10,18798.03,1359.20,567.67,1926.87
1991,Nevada,0.08,22194.91,1016.61,683.46,1700.07
1991,New Hampshire,0.09,21760.54,1081.66,846.14,1927.80
1991,New Jersey,0.12,25887.35,2207.57,918.37,3125.94
1991,New Mexico,0.10,15970.82,1168.16,480.74,1648.90
1991,New York,0.13,24124.85,2418.45,616.10,3034.55
1991,North Carolina,0.10,17619.93,1273.87,497.39,1771.26
1991,North Dakota,0.10,16098.98,1116.08,511.41,1627.49
1991,Ohio,0.10,18928.12,1405.92,507.88,1913.80
1991,Oklahoma,0.10,16408.82,1155.13,479.49,1634.62
1991,Oregon,0.11,18915.75,1600.50,555.03,2155.53
1991,Pennsylvania,0.10,19895.44,1422.47,587.01,2009.48
1991,Rhode Island,0.11,20359.79,1599.99,709.31,2309.30
1991,South Carolina,0.10,16303.00,1083.76,475.26,1559.02
1991,South Dakota,0.08,16697.72,796.11,526.11,1322.22
1991,Tennessee,0.08,17059.61,833.23,482.34,1315.57
1991,Texas,0.09,18152.27,1082.06,456.24,1538.30
1991,Utah,0.11,15795.81,1203.24,468.53,1671.77
1991,Vermont,0.11,18591.85,1413.88,626.46,2040.34
1991,Virginia,0.10,21442.25,1536.86,646.16,2183.02
1991,Washington,0.10,21912.46,1524.45,619.32,2143.77
1991,West Virginia,0.10,14952.25,1033.81,423.12,1456.93
1991,Wisconsin,0.12,19120.31,1788.18,534.13,2322.31
1991,Wyoming,0.07,18659.14,582.17,645.90,1228.07
1990,Alabama,0.09,15447.47,969.21,446.51,1415.72
1990,Alaska,0.06,22633.91,725.43,611.82,1337.25
1990,Arizona,0.10,17561.74,1280.66,527.95,1808.61
1990,Arkansas,0.09,14157.41,866.00,406.65,1272.65
1990,California,0.11,21905.66,1825.65,548.93,2374.58
1990,Colorado,0.10,19894.66,1412.69,582.65,1995.34
1990,Connecticut,0.11,27421.22,1944.79,976.39,2921.18
1990,Delaware,0.09,21463.08,1162.17,742.23,1904.40
1990,District of Columbia,0.12,22379.77,1946.41,837.06,2783.47
1990,Florida,0.09,20565.57,1192.78,624.83,1817.61
1990,Georgia,0.10,17736.69,1290.38,499.76,1790.14
1990,Hawaii,0.10,22618.68,1678.74,637.27,2316.01
1990,Idaho,0.11,16077.61,1191.77,514.79,1706.56
1990,Illinois,0.10,21268.03,1591.31,580.07,2171.38
1990,Indiana,0.09,17321.33,1101.28,486.63,1587.91
1990,Iowa,0.11,17242.36,1305.75,519.31,1825.06
1990,Kansas,0.10,18030.81,1191.11,588.29,1779.40
1990,Kentucky,0.10,15193.77,1071.44,430.00,1501.44
1990,Louisiana,0.08,14574.72,793.26,397.71,1190.97
1990,Maine,0.11,17738.81,1420.49,533.47,1953.96
1990,Maryland,0.11,23164.53,1877.09,711.39,2588.48
1990,Massachusetts,0.11,23043.84,1828.02,688.24,2516.26
1990,Michigan,0.10,18946.57,1427.47,497.29,1924.76
1990,Minnesota,0.11,19707.80,1626.51,544.09,2170.60
1990,Mississippi,0.09,12942.34,815.90,366.31,1182.21
1990,Missouri,0.10,17692.86,1144.52,533.16,1677.68
1990,Montana,0.10,15419.25,993.89,492.98,1486.87
1990,Nebraska,0.10,18007.50,1243.44,540.03,1783.47
1990,Nevada,0.08,21518.58,1030.60,659.50,1690.10
1990,New Hampshire,0.08,21754.42,952.60,839.77,1792.37
1990,New Jersey,0.11,25386.60,1985.21,913.48,2898.69
1990,New Mexico,0.10,15182.30,1124.16,456.25,1580.41
1990,New York,0.13,23650.99,2364.80,604.07,2968.87
1990,North Carolina,0.10,17436.07,1263.52,491.85,1755.37
1990,North Dakota,0.10,15126.74,1026.67,479.60,1506.27
1990,Ohio,0.10,18442.94,1367.54,493.20,1860.74
1990,Oklahoma,0.10,15847.92,1071.40,459.47,1530.87
1990,Oregon,0.11,18273.59,1527.88,538.19,2066.07
1990,Pennsylvania,0.10,19316.37,1395.29,565.88,1961.17
1990,Rhode Island,0.11,20353.92,1521.78,708.33,2230.11
1990,South Carolina,0.10,15800.81,1090.98,460.83,1551.81
1990,South Dakota,0.08,15732.89,766.93,493.36,1260.29
1990,Tennessee,0.08,16507.33,823.57,463.18,1286.75
1990,Texas,0.08,17464.61,1016.95,443.75,1460.70
1990,Utah,0.11,14997.59,1171.89,442.70,1614.59
1990,Vermont,0.11,18588.11,1352.35,624.15,1976.50
1990,Virginia,0.10,20913.51,1478.78,629.21,2107.99
1990,Washington,0.10,20834.56,1424.83,590.06,2014.89
1990,West Virginia,0.10,14265.36,967.35,403.10,1370.45
1990,Wisconsin,0.12,18461.89,1667.32,516.18,2183.50
1990,Wyoming,0.07,17696.91,564.01,609.54,1173.55
1989,Alabama,0.09,14665.04,910.97,426.72,1337.69
1989,Alaska,0.06,21024.66,696.57,571.24,1267.81
1989,Arizona,0.10,17213.06,1200.86,520.45,1721.31
1989,Arkansas,0.09,13537.46,836.35,393.58,1229.93
1989,California,0.11,21162.76,1705.80,539.73,2245.53
1989,Colorado,0.10,18956.93,1316.87,558.17,1875.04
1989,Connecticut,0.10,26579.58,1755.01,949.08,2704.09
1989,Delaware,0.09,20507.76,1118.50,709.28,1827.78
1989,District of Columbia,0.12,21477.61,1828.79,805.14,2633.93
1989,Florida,0.09,19796.11,1115.26,603.61,1718.87
1989,Georgia,0.10,16969.08,1174.89,485.88,1660.77
1989,Hawaii,0.11,20767.45,1630.14,595.27,2225.41
1989,Idaho,0.11,14933.47,1097.30,482.35,1579.65
1989,Illinois,0.10,20355.41,1436.28,566.67,2002.95
1989,Indiana,0.09,16729.30,1073.67,469.53,1543.20
1989,Iowa,0.11,16287.19,1244.31,498.10,1742.41
1989,Kansas,0.10,17368.64,1123.19,577.97,1701.16
1989,Kentucky,0.10,14504.98,1007.26,415.77,1423.03
1989,Louisiana,0.08,13736.40,747.27,377.65,1124.92
1989,Maine,0.11,17329.52,1395.51,524.57,1920.08
1989,Maryland,0.11,22426.89,1777.92,696.60,2474.52
1989,Massachusetts,0.11,22761.35,1697.65,685.04,2382.69
1989,Michigan,0.10,18208.97,1368.30,481.36,1849.66
1989,Minnesota,0.11,18669.53,1514.50,520.36,2034.86
1989,Mississippi,0.09,12301.79,772.29,351.14,1123.43
1989,Missouri,0.09,17066.61,1085.49,520.46,1605.95
1989,Montana,0.10,14436.93,903.42,468.21,1371.63
1989,Nebraska,0.10,17074.23,1177.73,521.40,1699.13
1989,Nevada,0.08,20713.29,937.29,644.55,1581.84
1989,New Hampshire,0.08,21761.59,899.33,829.50,1728.83
1989,New Jersey,0.11,24500.67,1903.16,883.81,2786.97
1989,New Mexico,0.10,14487.80,1056.05,442.81,1498.86
1989,New York,0.12,22358.99,2203.06,579.47,2782.53
1989,North Carolina,0.10,16650.09,1161.09,476.98,1638.07
1989,North Dakota,0.11,13687.06,1001.99,441.29,1443.28
1989,Ohio,0.10,17684.86,1283.16,475.46,1758.62
1989,Oklahoma,0.10,15087.99,1011.55,441.28,1452.83
1989,Oregon,0.11,17230.28,1445.72,510.91,1956.63
1989,Pennsylvania,0.10,18281.52,1316.55,541.05,1857.60
1989,Rhode Island,0.11,19704.91,1397.66,685.72,2083.38
1989,South Carolina,0.10,15087.04,1010.84,442.47,1453.31
1989,South Dakota,0.08,14517.07,717.08,462.93,1180.01
1989,Tennessee,0.08,15896.26,779.21,452.07,1231.28
1989,Texas,0.08,16713.52,959.88,433.43,1393.31
1989,Utah,0.11,14207.53,1090.30,422.83,1513.13
1989,Vermont,0.10,18037.44,1239.79,608.98,1848.77
1989,Virginia,0.10,20234.63,1435.58,617.47,2053.05
1989,Washington,0.09,19532.44,1285.70,559.10,1844.80
1989,West Virginia,0.09,13484.20,830.10,384.30,1214.40
1989,Wisconsin,0.12,17670.52,1614.13,499.67,2113.80
1989,Wyoming,0.07,16143.45,532.38,558.54,1090.92
1988,Alabama,0.09,13545.85,842.84,399.38,1242.22
1988,Alaska,0.06,19581.55,666.05,545.10,1211.15
1988,Arizona,0.10,16403.01,1125.28,507.84,1633.12
1988,Arkansas,0.09,12657.46,763.10,375.41,1138.51
1988,California,0.11,19972.80,1573.10,515.96,2089.06
1988,Colorado,0.10,17626.05,1227.85,526.67,1754.52
1988,Connecticut,0.10,24580.67,1621.25,891.30,2512.55
1988,Delaware,0.09,18770.15,1020.55,660.09,1680.64
1988,District of Columbia,0.13,19456.67,1706.80,730.87,2437.67
1988,Florida,0.09,18380.58,1041.80,569.11,1610.91
1988,Georgia,0.10,15873.30,1075.43,460.72,1536.15
1988,Hawaii,0.11,18850.69,1504.89,552.56,2057.45
1988,Idaho,0.10,13609.80,969.65,451.39,1421.04
1988,Illinois,0.10,18916.47,1372.16,538.16,1910.32
1988,Indiana,0.09,15354.60,966.63,441.63,1408.26
1988,Iowa,0.11,15338.29,1169.52,482.90,1652.42
1988,Kansas,0.10,16425.11,1098.40,556.89,1655.29
1988,Kentucky,0.10,13302.27,919.78,389.64,1309.42
1988,Louisiana,0.08,12759.45,702.67,356.26,1058.93
1988,Maine,0.12,15869.15,1327.72,495.95,1823.67
1988,Maryland,0.11,20803.99,1687.69,658.80,2346.49
1988,Massachusetts,0.11,21269.31,1592.82,655.84,2248.66
1988,Michigan,0.10,16916.65,1288.64,456.02,1744.66
1988,Minnesota,0.11,17497.86,1487.82,500.22,1988.04
1988,Mississippi,0.09,11324.62,715.93,328.21,1044.14
1988,Missouri,0.10,15950.92,1020.75,500.17,1520.92
1988,Montana,0.10,13291.61,867.44,442.71,1310.15
1988,Nebraska,0.10,15874.00,1095.48,497.93,1593.41
1988,Nevada,0.08,19235.08,859.23,615.16,1474.39
1988,New Hampshire,0.08,20588.81,814.82,798.74,1613.56
1988,New Jersey,0.11,22804.45,1743.02,836.09,2579.11
1988,New Mexico,0.10,13708.14,980.17,429.65,1409.82
1988,New York,0.13,20672.51,2078.17,537.17,2615.34
1988,North Carolina,0.10,15320.47,1103.84,443.93,1547.77
1988,North Dakota,0.11,13157.99,972.69,434.77,1407.46
1988,Ohio,0.10,16334.48,1190.78,448.41,1639.19
1988,Oklahoma,0.10,14055.40,952.65,420.12,1372.77
1988,Oregon,0.11,15821.81,1256.67,476.63,1733.30
1988,Pennsylvania,0.10,17222.91,1230.96,516.74,1747.70
1988,Rhode Island,0.11,18105.45,1353.13,638.83,1991.96
1988,South Carolina,0.10,13923.94,939.85,416.34,1356.19
1988,South Dakota,0.09,13657.98,710.68,445.83,1156.51
1988,Tennessee,0.08,14799.99,738.06,427.99,1166.05
1988,Texas,0.08,15599.37,896.11,413.55,1309.66
1988,Utah,0.11,13275.30,1092.30,406.59,1498.89
1988,Vermont,0.11,16627.63,1231.66,569.23,1800.89
1988,Virginia,0.10,18802.37,1319.26,585.55,1904.81
1988,Washington,0.10,18054.86,1199.19,524.86,1724.05
1988,West Virginia,0.09,12389.90,753.76,361.47,1115.23
1988,Wisconsin,0.12,16486.32,1520.00,477.13,1997.13
1988,Wyoming,0.07,14725.12,529.36,520.53,1049.89
1987,Alabama,0.09,12700.61,798.90,373.47,1172.37
1987,Alaska,0.06,19579.90,647.87,549.42,1197.29
1987,Arizona,0.10,15738.82,1070.34,492.46,1562.80
1987,Arkansas,0.09,12003.71,713.95,359.63,1073.58
1987,California,0.11,18937.84,1549.17,494.43,2043.60
1987,Colorado,0.10,16852.19,1174.53,505.06,1679.59
1987,Connecticut,0.11,22667.22,1550.47,828.65,2379.12
1987,Delaware,0.09,17664.99,1031.50,623.42,1654.92
1987,District of Columbia,0.12,17907.19,1516.01,685.15,2201.16
1987,Florida,0.09,17282.14,925.93,542.53,1468.46
1987,Georgia,0.10,14876.90,987.61,432.04,1419.65
1987,Hawaii,0.10,17493.99,1265.45,523.82,1789.27
1987,Idaho,0.11,12655.10,904.42,425.76,1330.18
1987,Illinois,0.10,17627.42,1257.65,509.48,1767.13
1987,Indiana,0.09,14400.34,857.32,417.85,1275.17
1987,Iowa,0.11,14573.37,1073.82,466.50,1540.32
1987,Kansas,0.10,15693.81,973.92,531.53,1505.45
1987,Kentucky,0.10,12276.28,866.75,363.62,1230.37
1987,Louisiana,0.08,12184.04,644.59,341.71,986.30
1987,Maine,0.11,14791.25,1172.27,464.74,1637.01
1987,Maryland,0.11,19451.47,1533.50,621.05,2154.55
1987,Massachusetts,0.11,19577.54,1531.50,605.84,2137.34
1987,Michigan,0.10,16240.71,1235.38,438.91,1674.29
1987,Minnesota,0.11,16607.00,1335.31,481.49,1816.80
1987,Mississippi,0.09,10598.64,647.46,309.38,956.84
1987,Missouri,0.09,15167.43,917.65,477.51,1395.16
1987,Montana,0.09,12876.58,753.62,432.90,1186.52
1987,Nebraska,0.10,15009.65,1009.35,476.56,1485.91
1987,Nevada,0.08,17970.48,843.01,577.46,1420.47
1987,New Hampshire,0.08,19102.42,779.46,754.98,1534.44
1987,New Jersey,0.12,20970.90,1668.72,778.39,2447.11
1987,New Mexico,0.10,13067.93,845.86,412.57,1258.43
1987,New York,0.13,19111.67,1945.81,500.55,2446.36
1987,North Carolina,0.10,14260.62,1023.43,415.35,1438.78
1987,North Dakota,0.10,13234.26,825.32,441.10,1266.42
1987,Ohio,0.10,15475.16,1113.47,429.22,1542.69
1987,Oklahoma,0.09,13494.89,793.94,408.01,1201.95
1987,Oregon,0.12,14931.21,1285.15,454.99,1740.14
1987,Pennsylvania,0.11,15622.66,1168.62,477.47,1646.09
1987,Rhode Island,0.11,16792.04,1258.70,600.60,1859.30
1987,South Carolina,0.10,12982.63,864.99,389.72,1254.71
1987,South Dakota,0.08,12979.48,644.27,430.93,1075.20
1987,Tennessee,0.08,13832.82,690.72,401.95,1092.67
1987,Texas,0.08,14967.20,798.37,400.16,1198.53
1987,Utah,0.11,12686.76,1016.99,389.00,1405.99
1987,Vermont,0.11,15524.25,1194.66,531.58,1726.24
1987,Virginia,0.10,17562.59,1206.83,550.64,1757.47
1987,Washington,0.10,17125.98,1136.71,506.17,1642.88
1987,West Virginia,0.10,11941.48,873.03,347.04,1220.07
1987,Wisconsin,0.12,15627.63,1434.90,457.13,1892.03
1987,Wyoming,0.07,14267.40,556.42,497.59,1054.01
1986,Alabama,0.09,12084.51,742.54,354.80,1097.34
1986,Alaska,0.06,20036.22,607.49,566.46,1173.95
1986,Arizona,0.10,14940.45,1003.78,466.94,1470.72
1986,Arkansas,0.09,11479.87,685.75,347.18,1032.93
1986,California,0.11,17866.33,1404.13,470.26,1874.39
1986,Colorado,0.10,16296.94,1076.30,488.81,1565.11
1986,Connecticut,0.10,20784.71,1352.15,761.62,2113.77
1986,Delaware,0.09,16616.88,959.72,589.77,1549.49
1986,District of Columbia,0.12,16823.99,1410.20,643.44,2053.64
1986,Florida,0.08,16327.85,862.48,512.98,1375.46
1986,Georgia,0.10,13969.52,924.76,404.59,1329.35
1986,Hawaii,0.10,16448.49,1142.65,495.48,1638.13
1986,Idaho,0.10,12109.35,818.48,406.91,1225.39
1986,Illinois,0.10,16620.04,1178.46,478.50,1656.96
1986,Indiana,0.09,13606.79,803.55,397.92,1201.47
1986,Iowa,0.10,13766.00,984.54,445.89,1430.43
1986,Kansas,0.09,14912.99,878.56,506.77,1385.33
1986,Kentucky,0.10,11812.28,777.47,349.79,1127.26
1986,Louisiana,0.08,12221.76,635.50,343.66,979.16
1986,Maine,0.11,13549.07,1024.08,428.81,1452.89
1986,Maryland,0.11,18209.42,1397.18,578.29,1975.47
1986,Massachusetts,0.11,18049.85,1414.74,557.24,1971.98
1986,Michigan,0.10,15505.88,1188.53,419.72,1608.25
1986,Minnesota,0.11,15596.67,1188.64,451.71,1640.35
1986,Mississippi,0.09,10218.40,629.25,302.05,931.30
1986,Missouri,0.09,14441.94,848.11,455.88,1303.99
1986,Montana,0.09,12292.26,709.93,416.12,1126.05
1986,Nebraska,0.10,14179.20,929.78,454.24,1384.02
1986,Nevada,0.08,16901.94,782.29,543.44,1325.73
1986,New Hampshire,0.08,17626.33,704.74,693.17,1397.91
1986,New Jersey,0.11,19545.02,1494.27,727.09,2221.36
1986,New Mexico,0.09,12723.18,702.08,401.87,1103.95
1986,New York,0.13,17825.70,1806.42,469.86,2276.28
1986,North Carolina,0.10,13330.36,908.35,389.93,1298.28
1986,North Dakota,0.09,12677.00,758.31,428.82,1187.13
1986,Ohio,0.10,14808.09,1055.82,410.84,1466.66
1986,Oklahoma,0.09,13535.45,807.07,407.34,1214.41
1986,Oregon,0.11,14164.44,1127.90,431.83,1559.73
1986,Pennsylvania,0.10,15185.86,1094.33,460.55,1554.88
1986,Rhode Island,0.11,15658.93,1124.14,557.95,1682.09
1986,South Carolina,0.10,12291.36,794.73,367.43,1162.16
1986,South Dakota,0.08,12217.93,621.07,408.06,1029.13
1986,Tennessee,0.08,12902.07,636.27,374.68,1010.95
1986,Texas,0.08,14910.30,760.10,396.05,1156.15
1986,Utah,0.11,12267.75,942.37,375.05,1317.42
1986,Vermont,0.11,14311.46,1014.17,493.38,1507.55
1986,Virginia,0.10,16508.56,1092.19,517.38,1609.57
1986,Washington,0.10,16171.79,1063.20,477.07,1540.27
1986,West Virginia,0.11,11307.95,857.71,332.87,1190.58
1986,Wisconsin,0.13,14791.57,1408.94,434.30,1843.24
1986,Wyoming,0.07,14808.98,593.55,501.97,1095.52
1985,Alabama,0.09,11327.49,694.27,336.36,1030.63
1985,Alaska,0.06,19586.77,663.10,567.62,1230.72
1985,Arizona,0.10,13947.15,927.01,442.77,1369.78
1985,Arkansas,0.09,10864.01,639.44,331.63,971.07
1985,California,0.11,16829.43,1340.90,450.91,1791.81
1985,Colorado,0.10,15649.35,1058.26,473.95,1532.21
1985,Connecticut,0.10,19441.39,1291.65,718.70,2010.35
1985,Delaware,0.10,15616.53,930.10,563.28,1493.38
1985,District of Columbia,0.12,15611.84,1327.63,611.97,1939.60
1985,Florida,0.08,15134.94,791.24,480.67,1271.91
1985,Georgia,0.10,12951.52,845.08,379.97,1225.05
1985,Hawaii,0.10,15444.17,1054.65,473.01,1527.66
1985,Idaho,0.10,11720.40,798.61,397.24,1195.85
1985,Illinois,0.10,15687.73,1121.20,457.77,1578.97
1985,Indiana,0.09,12935.67,770.33,383.48,1153.81
1985,Iowa,0.10,13230.18,910.09,434.84,1344.93
1985,Kansas,0.09,14252.76,852.67,488.29,1340.96
1985,Kentucky,0.09,11394.89,727.89,339.16,1067.05
1985,Louisiana,0.08,11973.87,649.98,338.19,988.17
1985,Maine,0.11,12651.69,952.10,401.85,1353.95
1985,Maryland,0.11,16923.35,1296.60,547.15,1843.75
1985,Massachusetts,0.11,16766.89,1264.42,527.96,1792.38
1985,Michigan,0.11,14387.79,1155.71,396.76,1552.47
1985,Minnesota,0.11,14833.09,1227.80,433.86,1661.66
1985,Mississippi,0.09,9692.73,582.72,291.76,874.48
1985,Missouri,0.09,13575.50,798.54,438.04,1236.58
1985,Montana,0.09,11896.67,702.83,408.59,1111.42
1985,Nebraska,0.10,13804.61,868.72,448.06,1316.78
1985,Nevada,0.08,15750.60,719.45,513.58,1233.03
1985,New Hampshire,0.08,16126.96,645.44,637.67,1283.11
1985,New Jersey,0.12,18198.84,1400.59,685.45,2086.04
1985,New Mexico,0.09,12124.49,682.27,387.97,1070.24
1985,New York,0.13,16615.13,1663.04,447.95,2110.99
1985,North Carolina,0.10,12429.71,847.75,368.19,1215.94
1985,North Dakota,0.10,12408.53,755.60,424.78,1180.38
1985,Ohio,0.10,13964.84,996.65,394.77,1391.42
1985,Oklahoma,0.09,13070.61,774.21,399.28,1173.49
1985,Oregon,0.12,13459.85,1130.34,416.32,1546.66
1985,Pennsylvania,0.11,13941.19,1032.87,432.30,1465.17
1985,Rhode Island,0.11,14653.42,1085.43,526.87,1612.30
1985,South Carolina,0.10,11513.83,749.31,347.32,1096.63
1985,South Dakota,0.08,11880.33,561.20,400.45,961.65
1985,Tennessee,0.08,12056.60,586.38,355.71,942.09
1985,Texas,0.08,14275.86,711.02,381.88,1092.90
1985,Utah,0.11,11645.89,920.90,360.88,1281.78
1985,Vermont,0.11,13301.20,949.80,465.52,1415.32
1985,Virginia,0.10,15331.31,1013.54,488.53,1502.07
1985,Washington,0.09,15179.84,963.79,457.56,1421.35
1985,West Virginia,0.11,10947.30,840.49,325.22,1165.71
1985,Wisconsin,0.12,14003.14,1313.37,417.93,1731.30
1985,Wyoming,0.08,14044.63,579.19,487.97,1067.16
1984,Alabama,0.09,10400.91,618.48,309.33,927.81
1984,Alaska,0.06,19099.01,607.51,556.21,1163.72
1984,Arizona,0.10,12788.90,815.98,408.94,1224.92
1984,Arkansas,0.09,9965.68,568.13,305.11,873.24
1984,California,0.11,15548.13,1215.19,419.43,1634.62
1984,Colorado,0.10,14622.80,967.63,444.80,1412.43
1984,Connecticut,0.10,17659.99,1178.78,653.68,1832.46
1984,Delaware,0.10,14254.85,881.12,512.96,1394.08
1984,District of Columbia,0.13,14228.39,1250.27,558.70,1808.97
1984,Florida,0.08,13942.03,709.97,448.62,1158.59
1984,Georgia,0.09,11803.00,766.93,347.51,1114.44
1984,Hawaii,0.10,14505.11,984.85,447.57,1432.42
1984,Idaho,0.10,10915.21,759.21,369.61,1128.82
1984,Illinois,0.10,14460.08,1072.36,423.45,1495.81
1984,Indiana,0.09,11945.25,722.20,355.76,1077.96
1984,Iowa,0.11,12137.19,875.20,405.63,1280.83
1984,Kansas,0.09,13132.38,787.96,450.02,1237.98
1984,Kentucky,0.09,10533.87,658.45,313.52,971.97
1984,Louisiana,0.08,11248.41,526.56,316.63,843.19
1984,Maine,0.11,11595.48,880.85,362.56,1243.41
1984,Maryland,0.11,15443.26,1200.69,498.52,1699.21
1984,Massachusetts,0.11,15155.30,1143.68,477.64,1621.32
1984,Michigan,0.11,13126.40,1067.07,361.20,1428.27
1984,Minnesota,0.12,13457.76,1206.83,397.07,1603.90
1984,Mississippi,0.09,9091.08,548.21,268.28,816.49
1984,Missouri,0.09,12519.55,730.89,405.99,1136.88
1984,Montana,0.09,11361.26,667.21,388.65,1055.86
1984,Nebraska,0.10,12488.39,848.89,412.65,1261.54
1984,Nevada,0.08,14762.17,691.30,478.81,1170.11
1984,New Hampshire,0.08,14750.45,622.54,575.23,1197.77
1984,New Jersey,0.12,16753.85,1313.12,625.67,1938.79
1984,New Mexico,0.09,11248.98,645.84,359.37,1005.21
1984,New York,0.13,15175.56,1523.51,409.16,1932.67
1984,North Carolina,0.10,11381.81,767.40,336.62,1104.02
1984,North Dakota,0.10,11736.10,761.63,402.01,1163.64
1984,Ohio,0.10,12890.91,933.48,365.95,1299.43
1984,Oklahoma,0.09,12155.78,676.57,370.79,1047.36
1984,Oregon,0.11,12582.81,1049.74,390.04,1439.78
1984,Pennsylvania,0.10,13365.91,960.97,403.71,1364.68
1984,Rhode Island,0.11,13455.65,1039.42,481.09,1520.51
1984,South Carolina,0.09,10629.09,684.34,320.50,1004.84
1984,South Dakota,0.08,10945.81,531.79,376.64,908.43
1984,Tennessee,0.08,11020.17,513.88,325.30,839.18
1984,Texas,0.07,13187.25,605.44,351.96,957.40
1984,Utah,0.11,10796.09,842.19,334.90,1177.09
1984,Vermont,0.11,12144.39,887.34,420.64,1307.98
1984,Virginia,0.10,14064.24,938.57,449.38,1387.95
1984,Washington,0.10,14367.63,940.33,430.02,1370.35
1984,West Virginia,0.10,10204.20,763.82,300.81,1064.63
1984,Wisconsin,0.13,13009.43,1275.95,388.01,1663.96
1984,Wyoming,0.08,13193.19,549.83,455.17,1005.00
1983,Alabama,0.09,9489.98,564.29,280.79,845.08
1983,Alaska,0.06,18976.16,571.96,533.24,1105.20
1983,Arizona,0.09,11510.06,690.83,366.60,1057.43
1983,Arkansas,0.09,9117.32,498.80,279.44,778.24
1983,California,0.10,14271.67,1086.03,382.09,1468.12
1983,Colorado,0.09,13554.28,840.61,409.35,1249.96
1983,Connecticut,0.10,16135.21,1020.76,591.68,1612.44
1983,Delaware,0.10,13245.72,823.58,466.99,1290.57
1983,District of Columbia,0.13,12958.02,1126.64,516.31,1642.95
1983,Florida,0.08,12761.86,634.08,405.09,1039.17
1983,Georgia,0.10,10616.69,696.20,309.65,1005.85
1983,Hawaii,0.10,13532.55,925.10,406.72,1331.82
1983,Idaho,0.10,10313.22,693.42,341.41,1034.83
1983,Illinois,0.10,13356.93,937.07,385.85,1322.92
1983,Indiana,0.08,10852.77,570.72,322.32,893.04
1983,Iowa,0.10,11401.09,794.68,376.75,1171.43
1983,Kansas,0.09,12277.83,719.95,417.62,1137.57
1983,Kentucky,0.09,9641.33,617.48,284.19,901.67
1983,Louisiana,0.07,10668.51,452.73,296.20,748.93
1983,Maine,0.10,10690.97,780.35,333.86,1114.21
1983,Maryland,0.11,14161.52,1079.01,457.12,1536.13
1983,Massachusetts,0.11,13736.65,1045.11,429.32,1474.43
1983,Michigan,0.11,11890.05,925.25,326.22,1251.47
1983,Minnesota,0.11,12269.42,1036.08,361.35,1397.43
1983,Mississippi,0.09,8423.07,487.66,246.08,733.74
1983,Missouri,0.09,11469.50,671.91,369.66,1041.57
1983,Montana,0.09,11045.00,593.76,369.44,963.20
1983,Nebraska,0.10,11753.64,789.47,388.05,1177.52
1983,Nevada,0.08,13786.68,600.33,442.23,1042.56
1983,New Hampshire,0.08,13263.76,548.33,516.21,1064.54
1983,New Jersey,0.11,15250.01,1179.01,560.84,1739.85
1983,New Mexico,0.08,10447.00,520.63,334.66,855.29
1983,New York,0.12,13847.27,1355.98,368.12,1724.10
1983,North Carolina,0.10,10206.90,679.24,298.61,977.85
1983,North Dakota,0.09,11317.15,605.79,383.52,989.31
1983,Ohio,0.10,11716.22,824.43,328.67,1153.10
1983,Oklahoma,0.09,11727.78,638.17,354.03,992.20
1983,Oregon,0.12,11567.92,975.99,354.77,1330.76
1983,Pennsylvania,0.10,12174.04,869.20,367.83,1237.03
1983,Rhode Island,0.11,12326.60,964.66,432.47,1397.13
1983,South Carolina,0.09,9574.81,614.43,285.57,900.00
1983,South Dakota,0.08,10132.24,504.81,345.82,850.63
1983,Tennessee,0.08,10058.80,468.33,295.08,763.41
1983,Texas,0.07,12365.95,558.30,325.95,884.25
1983,Utah,0.10,9948.76,721.17,306.23,1027.40
1983,Vermont,0.10,11236.75,782.10,380.39,1162.49
1983,Virginia,0.10,12792.10,847.47,405.87,1253.34
1983,Washington,0.09,13410.93,853.85,396.90,1250.75
1983,West Virginia,0.10,9540.36,664.30,277.77,942.07
1983,Wisconsin,0.12,11964.09,1132.29,353.00,1485.29
1983,Wyoming,0.08,12907.46,545.83,437.58,983.41
1982,Alabama,0.09,9131.25,536.94,270.35,807.29
1982,Alaska,0.06,17758.14,576.66,499.10,1075.76
1982,Arizona,0.09,11298.81,648.75,362.33,1011.08
1982,Arkansas,0.08,8807.24,458.62,266.87,725.49
1982,California,0.10,13853.86,1065.91,373.04,1438.95
1982,Colorado,0.09,13152.57,788.22,396.59,1184.81
1982,Connecticut,0.10,15343.80,944.31,564.73,1509.04
1982,Delaware,0.10,12623.79,760.60,443.91,1204.51
1982,District of Columbia,0.14,12265.14,1186.18,496.24,1682.42
1982,Florida,0.08,12195.28,576.84,395.98,972.82
1982,Georgia,0.09,10054.28,646.18,291.82,938.00
1982,Hawaii,0.10,12720.11,844.45,389.34,1233.79
1982,Idaho,0.10,9875.89,649.10,326.34,975.44
1982,Illinois,0.10,12917.97,884.61,369.79,1254.40
1982,Indiana,0.08,10657.09,547.29,316.12,863.41
1982,Iowa,0.10,11229.85,769.90,361.75,1131.65
1982,Kansas,0.09,11900.42,655.57,397.71,1053.28
1982,Kentucky,0.09,9494.87,579.32,276.40,855.72
1982,Louisiana,0.07,10528.94,448.79,291.16,739.95
1982,Maine,0.10,10041.40,729.16,316.12,1045.28
1982,Maryland,0.11,13313.83,995.87,428.13,1424.00
1982,Massachusetts,0.11,12820.29,986.50,397.67,1384.17
1982,Michigan,0.10,11488.50,844.68,317.25,1161.93
1982,Minnesota,0.10,11814.02,875.31,345.08,1220.39
1982,Mississippi,0.09,8305.38,472.14,243.35,715.49
1982,Missouri,0.09,10950.44,599.78,348.87,948.65
1982,Montana,0.09,10515.93,577.45,351.62,929.07
1982,Nebraska,0.10,11402.18,713.91,369.02,1082.93
1982,Nevada,0.07,13556.48,572.74,432.82,1005.56
1982,New Hampshire,0.08,12380.19,518.03,481.24,999.27
1982,New Jersey,0.11,14402.09,1072.29,530.83,1603.12
1982,New Mexico,0.08,10166.48,526.26,320.94,847.20
1982,New York,0.12,13050.25,1250.77,347.51,1598.28
1982,North Carolina,0.10,9764.09,646.90,284.78,931.68
1982,North Dakota,0.09,10749.26,590.01,359.71,949.72
1982,Ohio,0.09,11356.61,701.47,320.38,1021.85
1982,Oklahoma,0.09,11698.48,659.30,348.99,1008.29
1982,Oregon,0.11,11259.41,860.29,347.19,1207.48
1982,Pennsylvania,0.10,11742.07,821.83,352.12,1173.95
1982,Rhode Island,0.11,11615.76,891.91,408.11,1300.02
1982,South Carolina,0.09,9146.93,569.00,272.48,841.48
1982,South Dakota,0.08,9965.06,499.63,332.53,832.16
1982,Tennessee,0.08,9591.04,439.13,281.19,720.32
1982,Texas,0.07,12185.39,544.01,318.96,862.97
1982,Utah,0.10,9667.84,697.73,297.36,995.09
1982,Vermont,0.10,10688.54,749.27,359.51,1108.78
1982,Virginia,0.10,12000.17,777.96,385.06,1163.02
1982,Washington,0.09,12892.51,750.23,382.95,1133.18
1982,West Virginia,0.10,9494.42,658.94,274.50,933.44
1982,Wisconsin,0.12,11590.95,1024.46,341.53,1365.99
1982,Wyoming,0.08,13491.00,579.61,445.55,1025.16
1981,Alabama,0.09,8570.93,507.39,248.74,756.13
1981,Alaska,0.06,15915.91,559.45,445.36,1004.81
1981,Arizona,0.09,10611.40,620.31,337.40,957.71
1981,Arkansas,0.08,8258.04,430.93,245.33,676.26
1981,California,0.10,13072.14,992.28,347.10,1339.38
1981,Colorado,0.09,12004.51,680.83,359.68,1040.51
1981,Connecticut,0.10,14198.44,869.55,520.23,1389.78
1981,Delaware,0.10,11781.92,706.27,409.35,1115.62
1981,District of Columbia,0.14,11638.92,1105.72,476.88,1582.60
1981,Florida,0.08,11419.48,529.80,370.96,900.76
1981,Georgia,0.09,9332.33,594.95,265.78,860.73
1981,Hawaii,0.10,12475.05,869.55,380.17,1249.72
1981,Idaho,0.10,9574.17,597.45,310.54,907.99
1981,Illinois,0.10,12049.95,855.20,334.43,1189.63
1981,Indiana,0.08,10160.14,500.92,293.33,794.25
1981,Iowa,0.10,10573.54,704.04,331.29,1035.33
1981,Kansas,0.09,10931.11,627.33,358.46,985.79
1981,Kentucky,0.09,8756.04,545.07,247.26,792.33
1981,Louisiana,0.07,9687.29,420.29,264.47,684.76
1981,Maine,0.10,9452.52,666.96,290.71,957.67
1981,Maryland,0.11,12369.80,924.15,391.46,1315.61
1981,Massachusetts,0.11,11832.90,967.43,355.84,1323.27
1981,Michigan,0.10,10989.04,787.17,290.80,1077.97
1981,Minnesota,0.10,11054.12,788.36,313.95,1102.31
1981,Mississippi,0.09,7778.86,452.95,224.17,677.12
1981,Missouri,0.09,10193.26,556.96,316.77,873.73
1981,Montana,0.09,9936.71,541.05,327.96,869.01
1981,Nebraska,0.10,10352.33,661.07,327.23,988.30
1981,Nevada,0.07,12969.68,548.56,407.64,956.20
1981,New Hampshire,0.08,11289.34,448.21,433.72,881.93
1981,New Jersey,0.11,13343.73,989.90,485.93,1475.83
1981,New Mexico,0.09,9374.57,552.82,289.03,841.85
1981,New York,0.12,12036.27,1159.07,316.14,1475.21
1981,North Carolina,0.09,9068.42,588.96,258.60,847.56
1981,North Dakota,0.10,9147.81,607.11,308.47,915.58
1981,Ohio,0.09,10742.06,630.75,296.90,927.65
1981,Oklahoma,0.08,10504.29,560.11,310.74,870.85
1981,Oregon,0.11,10958.29,849.99,329.83,1179.82
1981,Pennsylvania,0.10,10931.19,758.03,320.37,1078.40
1981,Rhode Island,0.11,10825.43,799.44,373.86,1173.30
1981,South Carolina,0.09,8571.64,524.87,249.74,774.61
1981,South Dakota,0.08,9149.76,465.65,299.06,764.71
1981,Tennessee,0.07,9039.65,414.05,259.16,673.21
1981,Texas,0.07,11102.30,493.30,288.92,782.22
1981,Utah,0.10,9028.71,646.32,271.29,917.61
1981,Vermont,0.10,9882.61,659.21,329.75,988.96
1981,Virginia,0.10,11316.27,719.11,358.63,1077.74
1981,Washington,0.09,12156.88,683.46,359.29,1042.75
1981,West Virginia,0.10,8692.16,577.03,246.33,823.36
1981,Wisconsin,0.12,10944.66,947.49,315.21,1262.70
1981,Wyoming,0.07,12711.54,516.59,411.15,927.74
1980,Alabama,0.09,7753.21,453.61,224.68,678.29
1980,Alaska,0.08,14101.60,771.94,407.17,1179.11
1980,Arizona,0.10,9616.05,619.98,307.92,927.90
1980,Arkansas,0.09,7418.37,424.31,219.58,643.89
1980,California,0.11,11770.02,951.93,316.08,1268.01
1980,Colorado,0.10,10696.28,688.71,322.95,1011.66
1980,Connecticut,0.10,12522.19,777.46,459.39,1236.85
1980,Delaware,0.10,10484.65,648.19,365.74,1013.93
1980,District of Columbia,0.13,10472.26,922.16,443.86,1366.02
1980,Florida,0.08,10023.02,492.67,333.17,825.84
1980,Georgia,0.09,8402.64,543.27,239.96,783.23
1980,Hawaii,0.10,11167.01,811.28,350.16,1161.44
1980,Idaho,0.10,8606.77,569.27,284.84,854.11
1980,Illinois,0.10,11057.67,798.12,306.23,1104.35
1980,Indiana,0.08,9282.46,461.57,266.51,728.08
1980,Iowa,0.10,9513.50,656.07,299.87,955.94
1980,Kansas,0.09,9916.10,576.69,324.01,900.70
1980,Kentucky,0.09,8015.59,512.33,226.61,738.94
1980,Louisiana,0.08,8479.45,409.90,231.46,641.36
1980,Maine,0.10,8379.30,604.78,257.10,861.88
1980,Maryland,0.11,11101.29,866.52,352.62,1219.14
1980,Massachusetts,0.11,10508.53,882.25,314.19,1196.44
1980,Michigan,0.10,10160.16,749.31,267.86,1017.17
1980,Minnesota,0.10,9991.68,744.23,283.17,1027.40
1980,Mississippi,0.09,7030.03,421.84,201.68,623.52
1980,Missouri,0.09,9272.72,536.29,286.63,822.92
1980,Montana,0.09,8873.37,501.63,298.39,800.02
1980,Nebraska,0.10,9370.46,663.94,294.17,958.11
1980,Nevada,0.07,11838.77,494.37,381.76,876.13
1980,New Hampshire,0.08,9999.82,417.54,385.35,802.89
1980,New Jersey,0.11,11914.56,929.75,431.32,1361.07
1980,New Mexico,0.09,8427.35,477.85,263.05,740.90
1980,New York,0.12,10758.30,1054.77,282.88,1337.65
1980,North Carolina,0.10,8107.83,551.82,230.86,782.68
1980,North Dakota,0.10,8618.97,594.62,280.01,874.63
1980,Ohio,0.09,9847.47,581.27,270.21,851.48
1980,Oklahoma,0.08,9158.97,483.11,270.92,754.03
1980,Oregon,0.11,10112.67,758.05,306.84,1064.89
1980,Pennsylvania,0.10,9926.96,714.19,285.31,999.50
1980,Rhode Island,0.11,9605.37,719.67,330.26,1049.93
1980,South Carolina,0.09,7711.88,482.48,226.03,708.51
1980,South Dakota,0.08,8448.04,437.64,273.51,711.15
1980,Tennessee,0.08,8159.55,380.38,234.77,615.15
1980,Texas,0.07,9794.65,449.74,259.93,709.67
1980,Utah,0.11,8315.44,620.19,253.48,873.67
1980,Vermont,0.10,8800.49,603.61,294.98,898.59
1980,Virginia,0.10,10008.44,653.65,325.12,978.77
1980,Washington,0.09,11051.44,668.58,330.75,999.33
1980,West Virginia,0.10,8091.75,553.78,224.91,778.69
1980,Wisconsin,0.12,10028.26,869.94,286.98,1156.92
1980,Wyoming,0.07,11367.26,470.63,372.09,842.72
1979,Alabama,0.09,7168.18,425.67,210.09,635.76
1979,Alaska,0.09,12968.03,812.14,387.05,1199.19
1979,Arizona,0.10,8676.46,588.51,284.73,873.24
1979,Arkansas,0.08,7029.80,361.56,209.43,570.99
1979,California,0.10,10647.15,818.01,291.39,1109.40
1979,Colorado,0.10,9641.86,668.41,297.28,965.69
1979,Connecticut,0.10,11222.03,740.93,415.24,1156.17
1979,Delaware,0.10,9491.48,606.24,335.10,941.34
1979,District of Columbia,0.13,9946.14,829.85,424.21,1254.06
1979,Florida,0.09,9029.55,473.60,308.22,781.82
1979,Georgia,0.09,7753.56,498.49,224.34,722.83
1979,Hawaii,0.11,10115.15,732.03,328.12,1060.15
1979,Idaho,0.10,8027.73,565.02,269.63,834.65
1979,Illinois,0.10,10194.83,734.33,287.43,1021.76
1979,Indiana,0.08,8735.76,468.74,252.27,721.01
1979,Iowa,0.10,9059.34,608.35,285.35,893.70
1979,Kansas,0.09,9003.46,548.73,298.32,847.05
1979,Kentucky,0.10,7421.43,497.20,210.94,708.14
1979,Louisiana,0.08,7656.13,390.81,211.56,602.37
1979,Maine,0.10,7600.99,548.02,236.60,784.62
1979,Maryland,0.11,10152.86,812.69,328.08,1140.77
1979,Massachusetts,0.12,9509.86,833.04,287.79,1120.83
1979,Michigan,0.10,9616.89,721.74,255.15,976.89
1979,Minnesota,0.11,9171.65,735.09,263.46,998.55
1979,Mississippi,0.09,6477.16,414.55,187.40,601.95
1979,Missouri,0.09,8595.28,507.26,267.72,774.98
1979,Montana,0.09,8303.45,494.69,282.88,777.57
1979,Nebraska,0.10,8846.72,619.59,278.84,898.43
1979,Nevada,0.08,11090.06,544.61,361.65,906.26
1979,New Hampshire,0.08,9001.08,394.93,353.25,748.18
1979,New Jersey,0.12,10804.02,879.13,392.13,1271.26
1979,New Mexico,0.09,7746.32,472.12,245.68,717.80
1979,New York,0.12,9774.81,956.44,260.83,1217.27
1979,North Carolina,0.10,7500.53,507.68,215.27,722.95
1979,North Dakota,0.10,8586.70,551.18,276.48,827.66
1979,Ohio,0.09,9105.39,542.71,252.63,795.34
1979,Oklahoma,0.09,8217.42,450.69,247.97,698.66
1979,Oregon,0.11,9317.21,730.71,287.44,1018.15
1979,Pennsylvania,0.10,9100.25,660.56,263.46,924.02
1979,Rhode Island,0.12,8659.27,691.28,300.50,991.78
1979,South Carolina,0.09,7037.14,441.27,209.36,650.63
1979,South Dakota,0.08,8085.94,408.80,261.12,669.92
1979,Tennessee,0.08,7624.10,374.74,221.49,596.23
1979,Texas,0.08,8891.66,423.28,242.37,665.65
1979,Utah,0.11,7707.55,579.47,239.20,818.67
1979,Vermont,0.11,8045.90,596.28,272.51,868.79
1979,Virginia,0.10,9056.78,606.19,301.26,907.45
1979,Washington,0.10,10133.84,654.39,309.68,964.07
1979,West Virginia,0.10,7501.62,525.89,210.69,736.58
1979,Wisconsin,0.12,9188.00,842.72,266.96,1109.68
1979,Wyoming,0.08,10329.03,446.32,346.03,792.35
1978,Alabama,0.09,6440.45,385.55,200.08,585.63
1978,Alaska,0.10,12372.05,855.18,387.52,1242.70
1978,Arizona,0.11,7593.17,529.30,265.45,794.75
1978,Arkansas,0.09,6292.03,339.87,199.59,539.46
1978,California,0.12,9695.13,933.43,267.38,1200.81
1978,Colorado,0.10,8583.45,599.16,281.56,880.72
1978,Connecticut,0.11,10027.32,690.44,391.19,1081.63
1978,Delaware,0.10,8692.71,556.78,322.02,878.80
1978,District of Columbia,0.13,9377.32,783.49,410.93,1194.42
1978,Florida,0.09,8036.50,435.42,292.13,727.55
1978,Georgia,0.10,6985.20,450.11,214.18,664.29
1978,Hawaii,0.11,9091.68,652.99,312.64,965.63
1978,Idaho,0.11,7294.56,524.48,258.15,782.63
1978,Illinois,0.10,9278.35,682.96,277.22,960.18
1978,Indiana,0.09,7860.75,427.04,241.36,668.40
1978,Iowa,0.10,8097.62,543.12,272.80,815.92
1978,Kansas,0.10,7998.03,495.86,280.95,776.81
1978,Kentucky,0.10,6640.04,450.22,200.78,651.00
1978,Louisiana,0.08,6777.60,343.29,198.43,541.72
1978,Maine,0.11,6913.25,526.12,227.72,753.84
1978,Maryland,0.12,9186.27,753.16,313.90,1067.06
1978,Massachusetts,0.12,8585.67,784.40,275.75,1060.15
1978,Michigan,0.10,8679.67,656.02,244.60,900.62
1978,Minnesota,0.11,8247.36,667.79,252.84,920.63
1978,Mississippi,0.10,5830.86,385.35,177.71,563.06
1978,Missouri,0.09,7739.43,456.54,255.92,712.46
1978,Montana,0.10,7421.50,447.97,268.29,716.26
1978,Nebraska,0.11,7915.09,565.67,267.15,832.82
1978,Nevada,0.08,9827.48,489.67,338.98,828.65
1978,New Hampshire,0.09,7993.41,370.13,333.35,703.48
1978,New Jersey,0.12,9737.73,817.64,372.67,1190.31
1978,New Mexico,0.10,6923.57,431.05,232.27,663.32
1978,New York,0.13,8902.11,897.76,250.01,1147.77
1978,North Carolina,0.10,6768.81,460.92,205.96,666.88
1978,North Dakota,0.11,7604.54,560.55,261.29,821.84
1978,Ohio,0.09,8217.21,495.60,242.83,738.43
1978,Oklahoma,0.09,7297.72,401.38,234.09,635.47
1978,Oregon,0.11,8426.25,679.54,273.58,953.12
1978,Pennsylvania,0.11,8237.53,618.11,252.23,870.34
1978,Rhode Island,0.12,7823.32,610.50,287.09,897.59
1978,South Carolina,0.10,6351.35,406.28,199.92,606.20
1978,South Dakota,0.09,7172.37,381.84,248.81,630.65
1978,Tennessee,0.08,6826.74,351.51,210.57,562.08
1978,Texas,0.08,7863.63,396.46,228.10,624.56
1978,Utah,0.11,6998.58,520.98,228.44,749.42
1978,Vermont,0.11,7155.51,551.54,256.95,808.49
1978,Virginia,0.10,8127.03,562.41,287.18,849.59
1978,Washington,0.10,8993.36,607.15,292.20,899.35
1978,West Virginia,0.10,6617.32,455.05,198.80,653.85
1978,Wisconsin,0.13,8262.70,805.02,255.53,1060.55
1978,Wyoming,0.08,9154.69,409.24,325.13,734.37
1977,Alabama,0.09,5847.40,356.20,184.40,540.60
1977,Alaska,0.12,12935.34,1111.11,393.23,1504.34
1977,Arizona,0.11,6849.04,489.05,243.24,732.29
1977,Arkansas,0.09,5626.06,302.04,181.12,483.16
1977,California,0.12,8791.98,822.99,247.79,1070.78
1977,Colorado,0.11,7708.65,558.08,258.45,816.53
1977,Connecticut,0.11,9108.27,646.84,366.10,1012.94
1977,Delaware,0.10,8003.89,493.96,302.65,796.61
1977,District of Columbia,0.12,8593.20,676.50,381.45,1057.95
1977,Florida,0.09,7206.69,401.20,269.53,670.73
1977,Georgia,0.10,6306.13,411.38,196.68,608.06
1977,Hawaii,0.11,8550.01,609.43,296.35,905.78
1977,Idaho,0.11,6670.57,474.29,237.54,711.83
1977,Illinois,0.11,8458.67,635.59,257.34,892.93
1977,Indiana,0.09,7123.66,393.82,222.48,616.30
1977,Iowa,0.11,7237.54,515.95,248.88,764.83
1977,Kansas,0.10,7294.16,449.82,260.06,709.88
1977,Kentucky,0.10,6030.03,408.56,184.90,593.46
1977,Louisiana,0.08,6124.12,301.04,181.96,483.00
1977,Maine,0.11,6424.38,457.67,214.44,672.11
1977,Maryland,0.12,8421.33,680.94,292.72,973.66
1977,Massachusetts,0.12,7831.65,706.01,257.79,963.80
1977,Michigan,0.11,7773.50,605.69,223.51,829.20
1977,Minnesota,0.11,7429.47,606.24,232.82,839.06
1977,Mississippi,0.10,5300.84,346.93,163.02,509.95
1977,Missouri,0.09,6992.42,422.06,236.16,658.22
1977,Montana,0.10,6653.73,415.84,244.62,660.46
1977,Nebraska,0.11,7068.74,540.87,243.79,784.66
1977,Nevada,0.09,8750.23,449.38,307.00,756.38
1977,New Hampshire,0.09,7199.60,348.03,305.13,653.16
1977,New Jersey,0.13,8882.08,781.20,350.41,1131.61
1977,New Mexico,0.09,6234.25,361.44,213.74,575.18
1977,New York,0.13,8146.95,862.21,232.29,1094.50
1977,North Carolina,0.10,6166.87,427.60,190.26,617.86
1977,North Dakota,0.12,6399.79,533.75,228.01,761.76
1977,Ohio,0.09,7413.04,446.50,224.67,671.17
1977,Oklahoma,0.09,6473.60,363.86,212.48,576.34
1977,Oregon,0.11,7655.13,620.77,251.53,872.30
1977,Pennsylvania,0.11,7492.23,556.49,234.74,791.23
1977,Rhode Island,0.12,7193.29,568.97,266.70,835.67
1977,South Carolina,0.09,5797.12,359.67,186.05,545.72
1977,South Dakota,0.09,6157.25,352.34,219.80,572.14
1977,Tennessee,0.08,6159.67,318.87,193.12,511.99
1977,Texas,0.08,7100.68,365.15,210.33,575.48
1977,Utah,0.11,6367.09,469.38,210.81,680.19
1977,Vermont,0.12,6497.66,536.83,238.00,774.83
1977,Virginia,0.10,7345.97,502.74,264.11,766.85
1977,Washington,0.10,8089.96,533.25,268.18,801.43
1977,West Virginia,0.10,6091.67,420.37,183.88,604.25
1977,Wisconsin,0.13,7441.79,725.14,235.88,961.02
1977,Wyoming,0.08,7965.30,365.36,292.49,657.85
